source_id,market,platform,signal_type,snippet_rank,snippet_kind,quote_excerpt,retrieval_url,source_url,http_status,content_type,collected_at
"FORUM-001","astrology_esoterics","reddit","trust_accuracy","1","post_title","What app is best and most accurate for daily horoscope?","https://old.reddit.com/r/astrology/comments/1e9i9p9/what_app_is_best_and_most_accurate_for_daily/","https://www.reddit.com/r/astrology/comments/1e9i9p9/what_app_is_best_and_most_accurate_for_daily/","200","text/html; charset=UTF-8","2026-05-31T02:47:36.543Z"
"FORUM-001","astrology_esoterics","reddit","trust_accuracy","2","comment","hint & fun fact that most people don’t know: horoscopes are more accurate looking at your rising sign, often astrologers write them based on movement of planets going through a signs houses, which can only be determined through the ascendant. i don’t look at horoscopes through apps but i thought this would be helpful if you are looking for a more accurate reading. i also know for a fact that costar, pattern, & nebula","https://old.reddit.com/r/astrology/comments/1e9i9p9/what_app_is_best_and_most_accurate_for_daily/","https://www.reddit.com/r/astrology/comments/1e9i9p9/what_app_is_best_and_most_accurate_for_daily/","200","text/html; charset=UTF-8","2026-05-31T02:47:36.543Z"
"FORUM-001","astrology_esoterics","reddit","trust_accuracy","3","comment","Agree re: Channi. Plus she has gotten kind of bleak in my weekly readings lately. I get it if the transits are challenging, and she always says not to fear astrology. It’s just her delivery that ramps up my anxiety somehow.","https://old.reddit.com/r/astrology/comments/1e9i9p9/what_app_is_best_and_most_accurate_for_daily/","https://www.reddit.com/r/astrology/comments/1e9i9p9/what_app_is_best_and_most_accurate_for_daily/","200","text/html; charset=UTF-8","2026-05-31T02:47:36.543Z"
"FORUM-001","astrology_esoterics","reddit","trust_accuracy","4","comment","Agreed. I have subscribed to CHANI for a year and actually just unsubscribed. I’ve always liked the app but some of the descriptions in the daily horoscopes and in the transit ones are so abstract that I don’t know what it even is really saying. Or recommendations for how to utilize an energy are so abstract that they become relatable to only a niche few. I absolutely love the app interface and art so I hate to unsub","https://old.reddit.com/r/astrology/comments/1e9i9p9/what_app_is_best_and_most_accurate_for_daily/","https://www.reddit.com/r/astrology/comments/1e9i9p9/what_app_is_best_and_most_accurate_for_daily/","200","text/html; charset=UTF-8","2026-05-31T02:47:36.543Z"
"FORUM-002","astrology_esoterics","reddit","trust_accuracy","1","comment","Thanks for posting in r/beginnerastrology! As a gentle reminder, please remember this is a sub for learning about astrology and how to read a natal chart! It is NOT a place for getting your chart read for you. If your post breaks any of our Subreddit Rules or Posting Guidelines, please take some time to edit or resubmit your post! I am a bot, and this action was performed automatically. Please contact the moderators","https://old.reddit.com/r/beginnerastrology/comments/1ixdlly/whats_your_favorite_astrology_app_and_why/","https://www.reddit.com/r/beginnerastrology/comments/1ixdlly/whats_your_favorite_astrology_app_and_why/","200","text/html; charset=UTF-8","2026-05-31T02:47:38.150Z"
"FORUM-002","astrology_esoterics","reddit","trust_accuracy","2","comment","The Pattern - accurate information (vs Co-Star, which I think just uses AI to spit out a bunch of inaccurate noise)","https://old.reddit.com/r/beginnerastrology/comments/1ixdlly/whats_your_favorite_astrology_app_and_why/","https://www.reddit.com/r/beginnerastrology/comments/1ixdlly/whats_your_favorite_astrology_app_and_why/","200","text/html; charset=UTF-8","2026-05-31T02:47:38.150Z"
"FORUM-002","astrology_esoterics","reddit","trust_accuracy","3","comment","Astro Charts Pro, mostly because, even after 37 years in witchcraft, the occult, and tarot, I never really paid much attention to astrology. So I hit up a friend of mine to teach me, finally, and I got the app so I could learn to read charts.","https://old.reddit.com/r/beginnerastrology/comments/1ixdlly/whats_your_favorite_astrology_app_and_why/","https://www.reddit.com/r/beginnerastrology/comments/1ixdlly/whats_your_favorite_astrology_app_and_why/","200","text/html; charset=UTF-8","2026-05-31T02:47:38.150Z"
"FORUM-002","astrology_esoterics","reddit","trust_accuracy","4","comment","well back in the day i used to run charts with alabe.com and got the app when it came out (which is celeste) it’s suuper simple, almost ugly! but the layout is so familiar :)","https://old.reddit.com/r/beginnerastrology/comments/1ixdlly/whats_your_favorite_astrology_app_and_why/","https://www.reddit.com/r/beginnerastrology/comments/1ixdlly/whats_your_favorite_astrology_app_and_why/","200","text/html; charset=UTF-8","2026-05-31T02:47:38.150Z"
"FORUM-003","astrology_esoterics","reddit","depth_request","1","comment","Haha, this is pretty accurate, a lot of horoscope apps just skim the surface, right? I’m working on an AI-astrology thing (TaraTok) where instead of just giving daily sun-sign horoscopes, we try to factor in nakshatras, dasha cycles, and even palm-reading. It’s not about making wild predictions, more about giving meaningful guidance + timing. In my experience, when you bring traditional Vedic methods + AI together, y","https://old.reddit.com/r/astrologymemes/comments/1hxdlig/accurateish_horoscope_apps/","https://www.reddit.com/r/astrologymemes/comments/1hxdlig/accurateish_horoscope_apps/","200","text/html; charset=UTF-8","2026-05-31T02:47:39.023Z"
"FORUM-003","astrology_esoterics","reddit","depth_request","2","post_body","Anyone have any recs for accurate-ish, personalized horoscope apps? I thought Co-Star was pretty spot on every now and then, but apparently it’s riddled with controversy and powered more by AI now. :( Thanks!","https://old.reddit.com/r/astrologymemes/comments/1hxdlig/accurateish_horoscope_apps/","https://www.reddit.com/r/astrologymemes/comments/1hxdlig/accurateish_horoscope_apps/","200","text/html; charset=UTF-8","2026-05-31T02:47:39.023Z"
"FORUM-003","astrology_esoterics","reddit","depth_request","3","comment","Personally I like CHANI. I used to have Co-Star but CHANI explain my chart much better. I like horoscope by Holiday Mathis, not an app, I just read her daily update on website.","https://old.reddit.com/r/astrologymemes/comments/1hxdlig/accurateish_horoscope_apps/","https://www.reddit.com/r/astrologymemes/comments/1hxdlig/accurateish_horoscope_apps/","200","text/html; charset=UTF-8","2026-05-31T02:47:39.023Z"
"FORUM-003","astrology_esoterics","reddit","depth_request","4","post_title","Accurate-ish Horoscope Apps? 🤔","https://old.reddit.com/r/astrologymemes/comments/1hxdlig/accurateish_horoscope_apps/","https://www.reddit.com/r/astrologymemes/comments/1hxdlig/accurateish_horoscope_apps/","200","text/html; charset=UTF-8","2026-05-31T02:47:39.023Z"
"FORUM-004","astrology_esoterics","reddit","competitor_recommendation","1","post_title","What astrology/horoscope websites/apps seem the most accurate to you?","https://old.reddit.com/r/astrology/comments/187kgap/what_astrologyhoroscope_websitesapps_seem_the/","https://www.reddit.com/r/astrology/comments/187kgap/what_astrologyhoroscope_websitesapps_seem_the/","200","text/html; charset=UTF-8","2026-05-31T02:47:43.018Z"
"FORUM-004","astrology_esoterics","reddit","competitor_recommendation","2","comment","I don’t know. I just went on that website put in that I’m a cancer and the man is a Virgo and try to tell me that we both don’t like to take too many risks, but I’m huge on taking and just didn’t really describe me well , astrology goes deeper than just knowing your sign","https://old.reddit.com/r/astrology/comments/187kgap/what_astrologyhoroscope_websitesapps_seem_the/","https://www.reddit.com/r/astrology/comments/187kgap/what_astrologyhoroscope_websitesapps_seem_the/","200","text/html; charset=UTF-8","2026-05-31T02:47:43.018Z"
"FORUM-004","astrology_esoterics","reddit","competitor_recommendation","3","comment","Best transit descriptions ever. Seriously, this app is based on new edition of Planets in Transit by Robert Hand that hasn't been published yet. It is the only way to access the most accurate transit descriptions.","https://old.reddit.com/r/astrology/comments/187kgap/what_astrologyhoroscope_websitesapps_seem_the/","https://www.reddit.com/r/astrology/comments/187kgap/what_astrologyhoroscope_websitesapps_seem_the/","200","text/html; charset=UTF-8","2026-05-31T02:47:43.018Z"
"FORUM-004","astrology_esoterics","reddit","competitor_recommendation","4","comment","Using Cafe astrology for transits. Always so helpful https://astro.cafeastrology.com/astro.php?page=compdf","https://old.reddit.com/r/astrology/comments/187kgap/what_astrologyhoroscope_websitesapps_seem_the/","https://www.reddit.com/r/astrology/comments/187kgap/what_astrologyhoroscope_websitesapps_seem_the/","200","text/html; charset=UTF-8","2026-05-31T02:47:43.018Z"
"FORUM-005","mindfulness","reddit","subscription_value","1","post_body","Hey all :) Hope you are all doing well. I've never managed to keep a consistent meditation practice but I really enjoyed using Headspace, Love the cute, vibrant theme and all of the diverse features it offers, especially the soundscapes and wind down routines. I didn't enjoy the meditation sessions as much, I wasn't crazy about the style of guidance but it is my bad for not keeping up with my sessions, meditation is","https://old.reddit.com/r/Meditation/comments/qf1i9q","https://www.reddit.com/r/Meditation/comments/qf1i9q","200","text/html; charset=UTF-8","2026-05-31T02:47:44.389Z"
"FORUM-005","mindfulness","reddit","subscription_value","2","post_title","Is a subscription to the ""Calm"" app worth it?","https://old.reddit.com/r/Meditation/comments/qf1i9q","https://www.reddit.com/r/Meditation/comments/qf1i9q","200","text/html; charset=UTF-8","2026-05-31T02:47:44.389Z"
"FORUM-005","mindfulness","reddit","subscription_value","3","comment","Oh yes, even without the subscription I have that background sound playing, loved it so much, truly calmed me lol :) thenkss!","https://old.reddit.com/r/Meditation/comments/qf1i9q","https://www.reddit.com/r/Meditation/comments/qf1i9q","200","text/html; charset=UTF-8","2026-05-31T02:47:44.389Z"
"FORUM-005","mindfulness","reddit","subscription_value","4","comment","Calm only seems to have 100+ videos. Doesn't seem that much for a year's subscription?","https://old.reddit.com/r/Meditation/comments/qf1i9q","https://www.reddit.com/r/Meditation/comments/qf1i9q","200","text/html; charset=UTF-8","2026-05-31T02:47:44.389Z"
"FORUM-006","mindfulness","reddit","subscription_value","1","comment","I'm lucky enough that my GFs job gives her a free subscription and we use it almost nightly for sleep. Sometimes I use it during the day for a mediation, some peaceful time, or perhaps just to listen to a story. TBH if she would lose that perk, I'd pay for it.","https://old.reddit.com/r/Meditation/comments/twl6v3","https://www.reddit.com/r/Meditation/comments/twl6v3","200","text/html; charset=UTF-8","2026-05-31T02:47:45.515Z"
"FORUM-006","mindfulness","reddit","subscription_value","2","comment","I tried Calm, Balance, Headspace, Insight Timer, heartsapp, Waking Up and Aura (I think it was called). I am on Balance now bc I have 1 year free, but out of these, the one that worked best for me and got me into meditation was Calm. I will switch back to it because it was the easiest one to resonate with. It combines spirituality with science, with common sense, with examples from every day life, with compassion, wi","https://old.reddit.com/r/Meditation/comments/twl6v3","https://www.reddit.com/r/Meditation/comments/twl6v3","200","text/html; charset=UTF-8","2026-05-31T02:47:45.515Z"
"FORUM-006","mindfulness","reddit","subscription_value","3","comment","How do you get the calming ocean sounds, etc to play after you close the app? I know I saw the setting but can’t find it now. As I said above, that is the only flaw with it is that there is a lot of content that is kind of hidden in nooks and crannies.","https://old.reddit.com/r/Meditation/comments/twl6v3","https://www.reddit.com/r/Meditation/comments/twl6v3","200","text/html; charset=UTF-8","2026-05-31T02:47:45.515Z"
"FORUM-006","mindfulness","reddit","subscription_value","4","comment","You send the help desk an email saying you can't afford a subscription and they'll give you a free one.","https://old.reddit.com/r/Meditation/comments/twl6v3","https://www.reddit.com/r/Meditation/comments/twl6v3","200","text/html; charset=UTF-8","2026-05-31T02:47:45.515Z"
"FORUM-007","mindfulness","reddit","anti_gamification","1","post_title","I got tired of meditation apps with paywalls, streaks, and gamification, so I built a completely minimalistic timer.","https://old.reddit.com/r/selfcare/comments/1takx0n/i_got_tired_of_meditation_apps_with_paywalls/","https://www.reddit.com/r/selfcare/comments/1takx0n/i_got_tired_of_meditation_apps_with_paywalls/","200","text/html; charset=UTF-8","2026-05-31T02:47:46.256Z"
"FORUM-007","mindfulness","reddit","anti_gamification","2","post_body","Like many of you, I started my practice using some of the big-name meditation apps. While they were great for guided sessions initially, as I moved toward silent practice, I found them incredibly distracting. The notifications, the ""streaks,"" the gamification, and the constant push to upgrade to premium were pulling me out of the mindful state I was trying to cultivate.","https://old.reddit.com/r/selfcare/comments/1takx0n/i_got_tired_of_meditation_apps_with_paywalls/","https://www.reddit.com/r/selfcare/comments/1takx0n/i_got_tired_of_meditation_apps_with_paywalls/","200","text/html; charset=UTF-8","2026-05-31T02:47:46.256Z"
"FORUM-007","mindfulness","reddit","anti_gamification","3","post_body","It’s called meditatenow.pro. It's entirely minimalistic, no feeds, no streaks, no bloatware. I also added a dedicated Vipassana mode, as that's been a core part of my recent practice.","https://old.reddit.com/r/selfcare/comments/1takx0n/i_got_tired_of_meditation_apps_with_paywalls/","https://www.reddit.com/r/selfcare/comments/1takx0n/i_got_tired_of_meditation_apps_with_paywalls/","200","text/html; charset=UTF-8","2026-05-31T02:47:46.257Z"
"FORUM-007","mindfulness","reddit","anti_gamification","4","comment","honestly i think a lot of people are getting tired of turning every peaceful habit into another productivity game, so the minimal approach actually sounds refreshing.","https://old.reddit.com/r/selfcare/comments/1takx0n/i_got_tired_of_meditation_apps_with_paywalls/","https://www.reddit.com/r/selfcare/comments/1takx0n/i_got_tired_of_meditation_apps_with_paywalls/","200","text/html; charset=UTF-8","2026-05-31T02:47:46.257Z"
"FORUM-008","coaching","reddit","habit_friction","1","comment","Honestly the only ones that ever worked for me were the boring ones. Google Keep or Apple Notes with a daily checklist. One note per day, tick things off, delete it tomorrow. Zero friction, no streak pressure, no paywalls. A plain paper habit tracker works stupidly well too. Just draw a grid for the month and put an X when you do the habit. Seeing the Xs pile up is more motivating than most apps. If you want an app,","https://old.reddit.com/r/selfimprovement/comments/1qei1la/free_habit_tracker_that_worked_for_you/","https://www.reddit.com/r/selfimprovement/comments/1qei1la/free_habit_tracker_that_worked_for_you/","200","text/html; charset=UTF-8","2026-05-31T02:47:47.483Z"
"FORUM-008","coaching","reddit","habit_friction","2","comment","I use Google Calendar to manage basically my entire life. They recently implemented task reminders that you can check off when they're done. You might try adding a daily task that pops up around when you wake up, just to remind you to be conscious of it about it for the day. Then check it off at night as a way to think about how successful you were. I wouldn't pressure yourself to be perfect right off the bat, but ju","https://old.reddit.com/r/selfimprovement/comments/1qei1la/free_habit_tracker_that_worked_for_you/","https://www.reddit.com/r/selfimprovement/comments/1qei1la/free_habit_tracker_that_worked_for_you/","200","text/html; charset=UTF-8","2026-05-31T02:47:47.483Z"
"FORUM-008","coaching","reddit","habit_friction","3","comment","Loop Habit Tracker on Android. No paywall at all, very simple UI and tracking. It has trends as well! One con was that it can import/export data, but doesn't sync with anything. So when my phone was stolen, I lost my data. So I didn't end up downloading it again... But maybe things have changed since it's been a year.","https://old.reddit.com/r/selfimprovement/comments/1qei1la/free_habit_tracker_that_worked_for_you/","https://www.reddit.com/r/selfimprovement/comments/1qei1la/free_habit_tracker_that_worked_for_you/","200","text/html; charset=UTF-8","2026-05-31T02:47:47.483Z"
"FORUM-008","coaching","reddit","habit_friction","4","comment","Zenbaord which is 100% free with features • Smart habit tracking with progress visualization • Intuitive expense manager to track spending • Owes manager to record borrowed and lent money","https://old.reddit.com/r/selfimprovement/comments/1qei1la/free_habit_tracker_that_worked_for_you/","https://www.reddit.com/r/selfimprovement/comments/1qei1la/free_habit_tracker_that_worked_for_you/","200","text/html; charset=UTF-8","2026-05-31T02:47:47.483Z"
"FORUM-009","coaching","reddit","routine_design","1","post_body","Hi! I’ve created a list of daily habits that I genuinely want to stick to every single day, and I’m trying to build a proper streak system around them to stay consistent. I came across the Streaks app, but I heard there’s a limit of 20 habits, and I’m not sure that will be enough for what I’m planning.","https://old.reddit.com/r/selfimprovement/comments/1r3f4pe/beat_habit_tracking_apps/","https://www.reddit.com/r/selfimprovement/comments/1r3f4pe/beat_habit_tracking_apps/","200","text/html; charset=UTF-8","2026-05-31T02:47:48.228Z"
"FORUM-009","coaching","reddit","routine_design","2","comment","Thanks for taking your time. Yes, i want to stack my habits into routines become they are like small habits like drink water first thing in the morning, 10 minutes of walk post meal, take supplements etc. so thought I can make those of routines instead of 20 separate ones. I am already following few but I feel like maintaining streak system will help me to keep going.","https://old.reddit.com/r/selfimprovement/comments/1r3f4pe/beat_habit_tracking_apps/","https://www.reddit.com/r/selfimprovement/comments/1r3f4pe/beat_habit_tracking_apps/","200","text/html; charset=UTF-8","2026-05-31T02:47:48.228Z"
"FORUM-009","coaching","reddit","routine_design","3","post_body","I’d also love something that allows me to stack habits into routines instead of tracking everything separately. If you know of any better apps that support that kind of structure, I’d really appreciate your suggestions. Free would be ideal, but I’m open to a one-time purchase if it’s truly worth it.","https://old.reddit.com/r/selfimprovement/comments/1r3f4pe/beat_habit_tracking_apps/","https://www.reddit.com/r/selfimprovement/comments/1r3f4pe/beat_habit_tracking_apps/","200","text/html; charset=UTF-8","2026-05-31T02:47:48.228Z"
"FORUM-009","coaching","reddit","routine_design","4","comment","I prefer to use habit tracker with simple mechanics, I started to use Completer in January and it works pretty well for me and I already see progress in my life.","https://old.reddit.com/r/selfimprovement/comments/1r3f4pe/beat_habit_tracking_apps/","https://www.reddit.com/r/selfimprovement/comments/1r3f4pe/beat_habit_tracking_apps/","200","text/html; charset=UTF-8","2026-05-31T02:47:48.228Z"
"FORUM-010","coaching","reddit","streak_recovery","1","comment","To answer your actual question though, the reason streaks stop working after a few weeks is usually one of two things: The habit was too ambitious. ""Read for 30 minutes"" dies fast. ""Open a book"" survives. The streak app doesn't matter if the habit is wrong. There's no recovery mechanic. You miss one day, the streak resets to zero, and your brain goes ""well, it's ruined anyway."" The best systems have some kind of forg","https://old.reddit.com/r/ProductivityApps/comments/1rne1z1/do_apps_with_streaks_actually_help_you_stay/","https://www.reddit.com/r/ProductivityApps/comments/1rne1z1/do_apps_with_streaks_actually_help_you_stay/","200","text/html; charset=UTF-8","2026-05-31T02:47:49.356Z"
"FORUM-010","coaching","reddit","streak_recovery","2","comment","Streaks can be really motivating at the start because seeing a visual chain of consistent action gives a sense of accomplishment and accountability. Over time, though, if the streak becomes the main focus rather than the habit itself, it can start feeling like pressure or a chore, and that’s usually when people stop caring about maintaining it. The key seems to be using streaks as a gentle nudge, not the sole measure","https://old.reddit.com/r/ProductivityApps/comments/1rne1z1/do_apps_with_streaks_actually_help_you_stay/","https://www.reddit.com/r/ProductivityApps/comments/1rne1z1/do_apps_with_streaks_actually_help_you_stay/","200","text/html; charset=UTF-8","2026-05-31T02:47:49.356Z"
"FORUM-010","coaching","reddit","streak_recovery","3","comment","I really like how Todoist and Headway streaks work! They help me stay consistent and build daily learning habits in a non-pushy yet convincing (haha) manner. I recently downloaded HabitNow to plan my day better, but it's a bit overwhelming with all those charts and calendars to my taste..","https://old.reddit.com/r/ProductivityApps/comments/1rne1z1/do_apps_with_streaks_actually_help_you_stay/","https://www.reddit.com/r/ProductivityApps/comments/1rne1z1/do_apps_with_streaks_actually_help_you_stay/","200","text/html; charset=UTF-8","2026-05-31T02:47:49.356Z"
"FORUM-010","coaching","reddit","streak_recovery","4","comment","The weird feeling is exactly why streaks are a double-edged sword—they’re great for starting, but devastating when you eventually miss a day. I built Ahabit specifically to solve that 'stressful' part. Instead of a streak counter that resets to zero, it tracks your overall consistency percentage. It treats a 90% month as a massive win rather than a 'failed' streak. It’s fully offline and minimalist if you want to try","https://old.reddit.com/r/ProductivityApps/comments/1rne1z1/do_apps_with_streaks_actually_help_you_stay/","https://www.reddit.com/r/ProductivityApps/comments/1rne1z1/do_apps_with_streaks_actually_help_you_stay/","200","text/html; charset=UTF-8","2026-05-31T02:47:49.356Z"
"FORUM-011","coaching","reddit","streak_anxiety","1","post_body","Genuinely curious what people think. Do streaks keep you coming back, or do they quietly stress you out? Is there something else that works better for you, like weekly goals or just plain progress tracking?","https://old.reddit.com/r/ProductivityApps/comments/1t5trp0/streaks_in_productivity_apps_motivating_or/","https://www.reddit.com/r/ProductivityApps/comments/1t5trp0/streaks_in_productivity_apps_motivating_or/","200","text/html; charset=UTF-8","2026-05-31T02:47:52.096Z"
"FORUM-011","coaching","reddit","streak_anxiety","2","comment","The issue is that streaks if not doen right eventually track compliance rather than progress. Once the streak is high enough, I’m just opening the app to keep the number alive, not to actually be productive.","https://old.reddit.com/r/ProductivityApps/comments/1t5trp0/streaks_in_productivity_apps_motivating_or/","https://www.reddit.com/r/ProductivityApps/comments/1t5trp0/streaks_in_productivity_apps_motivating_or/","200","text/html; charset=UTF-8","2026-05-31T02:47:52.096Z"
"FORUM-011","coaching","reddit","streak_anxiety","3","comment","If your app needs streaks to bring people back, the app probably isn't doing its core job well enough. Streaks measure loyalty to the app, not progress toward the user's goal. In my opinion a good productivity tool brings people back because it actually helped them get something done, not because they're afraid to lose a number. The users you keep with streaks are the ones most likely to leave the moment life gets me","https://old.reddit.com/r/ProductivityApps/comments/1t5trp0/streaks_in_productivity_apps_motivating_or/","https://www.reddit.com/r/ProductivityApps/comments/1t5trp0/streaks_in_productivity_apps_motivating_or/","200","text/html; charset=UTF-8","2026-05-31T02:47:52.096Z"
"FORUM-011","coaching","reddit","streak_anxiety","4","comment","early on they’re motivating, but after a while they can start feeling weirdly stressful, like you’re opening the app just to “not lose the number” instead of actually wanting to use it. and yeah, once a long streak breaks, a lot of people mentally check out. especially if the app treats missing one day like total failure.","https://old.reddit.com/r/ProductivityApps/comments/1t5trp0/streaks_in_productivity_apps_motivating_or/","https://www.reddit.com/r/ProductivityApps/comments/1t5trp0/streaks_in_productivity_apps_motivating_or/","200","text/html; charset=UTF-8","2026-05-31T02:47:52.096Z"
"FORUM-012","coaching","reddit","subscription_value","1","post_body","No ""Why"": If I missed a habit, I didn't want to just lose my streak. I wanted to add a note or a reflection on why I missed it, so I could actually learn.","https://old.reddit.com/r/ProductivityApps/comments/1qgwiak/i_got_tired_of_paying_subscriptions_just_to_track/","https://www.reddit.com/r/ProductivityApps/comments/1qgwiak/i_got_tired_of_paying_subscriptions_just_to_track/","200","text/html; charset=UTF-8","2026-05-31T02:47:54.152Z"
"FORUM-012","coaching","reddit","subscription_value","2","post_title","I got tired of paying subscriptions just to track my habits, so I built my own (Free + Promo Codes inside!)","https://old.reddit.com/r/ProductivityApps/comments/1qgwiak/i_got_tired_of_paying_subscriptions_just_to_track/","https://www.reddit.com/r/ProductivityApps/comments/1qgwiak/i_got_tired_of_paying_subscriptions_just_to_track/","200","text/html; charset=UTF-8","2026-05-31T02:47:54.152Z"
"FORUM-012","coaching","reddit","subscription_value","3","post_body","The Paywall: The really good ones ask for a monthly subscription that costs more than my Netflix.","https://old.reddit.com/r/ProductivityApps/comments/1qgwiak/i_got_tired_of_paying_subscriptions_just_to_track/","https://www.reddit.com/r/ProductivityApps/comments/1qgwiak/i_got_tired_of_paying_subscriptions_just_to_track/","200","text/html; charset=UTF-8","2026-05-31T02:47:54.152Z"
"FORUM-012","coaching","reddit","subscription_value","4","post_body","Widget Overload: I built 5+ different widget types (Heatmaps, Streaks, Weekly Grids) because I like my home screen to look functional.","https://old.reddit.com/r/ProductivityApps/comments/1qgwiak/i_got_tired_of_paying_subscriptions_just_to_track/","https://www.reddit.com/r/ProductivityApps/comments/1qgwiak/i_got_tired_of_paying_subscriptions_just_to_track/","200","text/html; charset=UTF-8","2026-05-31T02:47:54.152Z"
"FORUM-013","avatar_identity","reddit","emotional_support","1","comment","Nomi AI is still the strongest for that specific use case. The emotional tone is more consistent than anything else I've tested when support is the primary reason you're using it. Candy AI is worth considering too if you want something that covers emotional support but also gives you more range overall when you need it. The comparison sheet has a primary use case column that breaks this down per platform if you want","https://old.reddit.com/r/AIChatCompanions/comments/1rm4fyo/tested_20_ai_companions_so_you_dont_have_to_heres/","https://www.reddit.com/r/AIChatCompanions/comments/1rm4fyo/tested_20_ai_companions_so_you_dont_have_to_heres/","200","text/html; charset=UTF-8","2026-05-31T02:47:55.344Z"
"FORUM-013","avatar_identity","reddit","emotional_support","2","post_body","Memory matters most: Candy AI or Nectar AI. Conversational freedom matters most: CrushOn AI. Emotional support is the main thing: Nomi AI. Not sure yet: start with Character AI's free tier to figure out what you actually want, then move to something better suited once you know.","https://old.reddit.com/r/AIChatCompanions/comments/1rm4fyo/tested_20_ai_companions_so_you_dont_have_to_heres/","https://www.reddit.com/r/AIChatCompanions/comments/1rm4fyo/tested_20_ai_companions_so_you_dont_have_to_heres/","200","text/html; charset=UTF-8","2026-05-31T02:47:55.345Z"
"FORUM-013","avatar_identity","reddit","emotional_support","3","comment","Solid breakdown. One thing I'd add about Nomi AI is that the emotional tone is genuinely different from most AI companions with memory I've tried, but you do hit a ceiling pretty fast if your conversations tend to go in unconventional directions. For pure emotional support use though it's hard to argue with it as a starting point","https://old.reddit.com/r/AIChatCompanions/comments/1rm4fyo/tested_20_ai_companions_so_you_dont_have_to_heres/","https://www.reddit.com/r/AIChatCompanions/comments/1rm4fyo/tested_20_ai_companions_so_you_dont_have_to_heres/","200","text/html; charset=UTF-8","2026-05-31T02:47:55.345Z"
"FORUM-013","avatar_identity","reddit","emotional_support","4","comment","Finding the right AI companion can feel daunting, especially with so many options out there. It's refreshing to see someone break it down by use case rather than just rankings. Similar to your experience, I've used AI companions for creative roleplay and emotional support over the past year. TronoVex has been my go-to for that kind of connection. It's been fantastic for building ongoing relationships and really under","https://old.reddit.com/r/AIChatCompanions/comments/1rm4fyo/tested_20_ai_companions_so_you_dont_have_to_heres/","https://www.reddit.com/r/AIChatCompanions/comments/1rm4fyo/tested_20_ai_companions_so_you_dont_have_to_heres/","200","text/html; charset=UTF-8","2026-05-31T02:47:55.345Z"
"FORUM-014","avatar_identity","reddit","attachment_behavior","1","comment","This is a great breakdown. Kindroid definitely seems to have the edge on memory right now, which is such a dealbreaker for long-term use. It's interesting to see how Evernear is trying to tackle the relationship progression aspect too—definitely feels like that's the next frontier for these companions.","https://old.reddit.com/r/AIChatReviews/comments/1sim373/i_tried_5_ai_companions_so_you_dont_have_to_a/","https://www.reddit.com/r/AIChatReviews/comments/1sim373/i_tried_5_ai_companions_so_you_dont_have_to_a/","200","text/html; charset=UTF-8","2026-05-31T02:47:56.412Z"
"FORUM-014","avatar_identity","reddit","attachment_behavior","2","post_title","I Tried 5 AI Companions So You Don’t Have To (a detailed breakdown)","https://old.reddit.com/r/AIChatReviews/comments/1sim373/i_tried_5_ai_companions_so_you_dont_have_to_a/","https://www.reddit.com/r/AIChatReviews/comments/1sim373/i_tried_5_ai_companions_so_you_dont_have_to_a/","200","text/html; charset=UTF-8","2026-05-31T02:47:56.412Z"
"FORUM-014","avatar_identity","reddit","attachment_behavior","3","comment","solid list but surprised you didn't try Dusk AI. you literally listed memory as cai's biggest weakness and relationship continuity as the main thing you're trying to solve — that's the exact thing Dusk AI focuses on. conversations actually carry over across sessions without you re-explaining stuff, which based on your rankings would probably land it somewhere between kindroid and whatever you're building. free rn too","https://old.reddit.com/r/AIChatReviews/comments/1sim373/i_tried_5_ai_companions_so_you_dont_have_to_a/","https://www.reddit.com/r/AIChatReviews/comments/1sim373/i_tried_5_ai_companions_so_you_dont_have_to_a/","200","text/html; charset=UTF-8","2026-05-31T02:47:56.412Z"
"FORUM-014","avatar_identity","reddit","attachment_behavior","4","post_body","I’ve spent the last few weeks deep-diving into AI companion/chat apps.","https://old.reddit.com/r/AIChatReviews/comments/1sim373/i_tried_5_ai_companions_so_you_dont_have_to_a/","https://www.reddit.com/r/AIChatReviews/comments/1sim373/i_tried_5_ai_companions_so_you_dont_have_to_a/","200","text/html; charset=UTF-8","2026-05-31T02:47:56.412Z"
"FORUM-015","gaming","reddit","retention_backlash","1","comment","My opinion is, a daily reward system that a line of rewards, and every day you are allowed to claim the next reward in line, and the line doesn't reset every calendar month or something it's just a counter for total days played since account creation: is fine. But daily reward systems with ""streaks"", and with lines of rewards that reset on a weekly or monthly basis so that you have to have logged in every day that we","https://old.reddit.com/r/incremental_games/comments/pyac47","https://www.reddit.com/r/incremental_games/comments/pyac47","200","text/html; charset=UTF-8","2026-05-31T02:47:59.837Z"
"FORUM-015","gaming","reddit","retention_backlash","2","comment","Make a game that's fun to play, then think about adding rewards for playing. I don't think I've seen daily rewards done well, except for maybe NGU where you can buy an item that stores multiple days' rewards. There are plenty of games I've played either until I realised I was only logging in for the rewards, or where I missed a day, lost my streak, and effectively lost something MASSIVE as a result (like enough premi","https://old.reddit.com/r/incremental_games/comments/pyac47","https://www.reddit.com/r/incremental_games/comments/pyac47","200","text/html; charset=UTF-8","2026-05-31T02:47:59.837Z"
"FORUM-015","gaming","reddit","retention_backlash","3","comment","Frankly I don't like any kind of daily rewards. All ""retention"" mechanics shift the purpose of a game from entertaining its players to monetizing them. The bigger the rewards are, and the harsher the penalties for breaking a streak, the more psychologically manipulative the game is being. When I get off work I want to relax and enjoy myself - not be psychologically manipulated. Whether its just to keep playing a game","https://old.reddit.com/r/incremental_games/comments/pyac47","https://www.reddit.com/r/incremental_games/comments/pyac47","200","text/html; charset=UTF-8","2026-05-31T02:47:59.837Z"
"FORUM-015","gaming","reddit","retention_backlash","4","post_body","Hello, as far as daily claims go what are your likes and dislikes? Is having to watch an ad to double a reward good or bad? Should the daily claim reset if a day is missed? Should rewards repeat after x days or continue upwards as long as the streak continues? Thanks.","https://old.reddit.com/r/incremental_games/comments/pyac47","https://www.reddit.com/r/incremental_games/comments/pyac47","200","text/html; charset=UTF-8","2026-05-31T02:47:59.837Z"
"FORUM-016","gaming","reddit","cozy_progression","1","post_body","Ideally, I'd love for there to be some sort of gameplay ""cycle"" where crafting materials gained at lower skill levels are used for progressively better tools, equipment, and support items (to a certain point)–but are more easily farmable at higher levels (via multipliers, passive skill boons, etc.), or ""automatable"" with enough progression, or outright buyable under certain conditions. — Part of why I want this, is t","https://old.reddit.com/r/CozyGamers/comments/1g9dnv3","https://www.reddit.com/r/CozyGamers/comments/1g9dnv3","200","text/html; charset=UTF-8","2026-05-31T02:48:01.638Z"
"FORUM-016","gaming","reddit","cozy_progression","2","comment","I’d recommend planet crafter. I adore this game and find it so relaxing to play. It’s a bit of survival but no combat at all. Only risk is your oxygen, food and water. But the progression is so rewarding as you see the world around you change from what you have been doing. Finding new materials to craft better items to help your progression. I found it such a satisfying game. I’m now playing the newly released dlc an","https://old.reddit.com/r/CozyGamers/comments/1g9dnv3","https://www.reddit.com/r/CozyGamers/comments/1g9dnv3","200","text/html; charset=UTF-8","2026-05-31T02:48:01.638Z"
"FORUM-016","gaming","reddit","cozy_progression","3","post_title","Cozy games with layers of progression, (level) grinds, and crafting?","https://old.reddit.com/r/CozyGamers/comments/1g9dnv3","https://www.reddit.com/r/CozyGamers/comments/1g9dnv3","200","text/html; charset=UTF-8","2026-05-31T02:48:01.638Z"
"FORUM-016","gaming","reddit","cozy_progression","4","post_body","Edit TLDR: Recommend me cozy games with layered/deep progression and intricate crafting!","https://old.reddit.com/r/CozyGamers/comments/1g9dnv3","https://www.reddit.com/r/CozyGamers/comments/1g9dnv3","200","text/html; charset=UTF-8","2026-05-31T02:48:01.638Z"
"FORUM-017","gaming","reddit","retention_mechanics","1","doc_body","Streaks are valuable to app developers because they turn occasional use into habitual behavior. By rewarding consecutive days of activity, streaks increase retention, strengthen user identity and investment in the app, and make push notifications more effective through loss aversion (“don’t break your streak”). For devs, that usually translates into higher engagement, lower churn, and better long-term monetization.","https://developers.reddit.com/docs/capabilities/notifications/adding-streaks","https://developers.reddit.com/docs/capabilities/notifications/adding-streaks","200","text/html; charset=utf-8","2026-05-31T02:48:01.890Z"
"FORUM-017","gaming","reddit","retention_mechanics","2","doc_body","You are a senior Devvit engineer. Add a robust daily streak system and a streak-aware push notification campaign to this Devvit app.","https://developers.reddit.com/docs/capabilities/notifications/adding-streaks","https://developers.reddit.com/docs/capabilities/notifications/adding-streaks","200","text/html; charset=utf-8","2026-05-31T02:48:01.890Z"
"FORUM-017","gaming","reddit","retention_mechanics","3","doc_body","Use Redis as the source of truth for daily streak days.","https://developers.reddit.com/docs/capabilities/notifications/adding-streaks","https://developers.reddit.com/docs/capabilities/notifications/adding-streaks","200","text/html; charset=utf-8","2026-05-31T02:48:01.890Z"
"FORUM-017","gaming","reddit","retention_mechanics","4","doc_body","This section explains how streaks work in Syllo in a practical, implementation-focused way.","https://developers.reddit.com/docs/capabilities/notifications/adding-streaks","https://developers.reddit.com/docs/capabilities/notifications/adding-streaks","200","text/html; charset=utf-8","2026-05-31T02:48:01.890Z"
"FORUM-018","gaming","reddit","daily_loops","1","doc_body","Build loops in your game that reward daily habits. Streaks and milestone rewards encourage consistency: players come back to maintain progress and reach the next goal. You’ll see streaks in games like r/syllo, and r/honk lets players earn loot by completing game levels. You can also add streaks to player flairs.","https://developers.reddit.com/docs/guides/best-practices/community_games","https://developers.reddit.com/docs/guides/best-practices/community_games","200","text/html; charset=utf-8","2026-05-31T02:48:02.081Z"
"FORUM-018","gaming","reddit","daily_loops","2","doc_body","Push notifications are another way to reinforce a daily habit, and they work best when paired with other retention features like streaks, leagues, and leaderboards. Push notifications are currently a limited beta feature, but you can reach out via r/Devvit modmail to apply for a spot in our beta program.","https://developers.reddit.com/docs/guides/best-practices/community_games","https://developers.reddit.com/docs/guides/best-practices/community_games","200","text/html; charset=utf-8","2026-05-31T02:48:02.081Z"
"FORUM-018","gaming","reddit","daily_loops","3","doc_body","Player retentionAdd a subscribe optionHabits and feedback loopsProgress and recognitionCompetition and social pullChallenges and missionsReward systems","https://developers.reddit.com/docs/guides/best-practices/community_games","https://developers.reddit.com/docs/guides/best-practices/community_games","200","text/html; charset=utf-8","2026-05-31T02:48:02.081Z"
"FORUM-018","gaming","reddit","daily_loops","4","doc_body","Tip: Consider adding grace mechanics like streak freezes to reduce churn.","https://developers.reddit.com/docs/guides/best-practices/community_games","https://developers.reddit.com/docs/guides/best-practices/community_games","200","text/html; charset=utf-8","2026-05-31T02:48:02.081Z"