source_id,market,signal_type,coding_tags,snippet_kind,evidence_strength,alina_implication,quote_excerpt,source_url
"FORUM-001","astrology_esoterics","trust_accuracy","wants_accuracy_explanation|wants_low_friction_daily_use","post_title","medium","Alina must make personalization explainable and avoid generic horoscope framing.","What app is best and most accurate for daily horoscope?","https://www.reddit.com/r/astrology/comments/1e9i9p9/what_app_is_best_and_most_accurate_for_daily/"
"FORUM-001","astrology_esoterics","trust_accuracy","wants_accuracy_explanation|wants_low_friction_daily_use|safety_boundary_needed","comment","medium","Alina must make personalization explainable and avoid generic horoscope framing.","hint & fun fact that most people don’t know: horoscopes are more accurate looking at your rising sign, often astrologers write them based on movement of planets going through a signs houses, which can only be determined through the ascendan","https://www.reddit.com/r/astrology/comments/1e9i9p9/what_app_is_best_and_most_accurate_for_daily/"
"FORUM-001","astrology_esoterics","trust_accuracy","wants_accuracy_explanation|streaks_can_create_anxiety","comment","medium","Alina must make personalization explainable and avoid generic horoscope framing.","Agree re: Channi. Plus she has gotten kind of bleak in my weekly readings lately. I get it if the transits are challenging, and she always says not to fear astrology. It’s just her delivery that ramps up my anxiety somehow.","https://www.reddit.com/r/astrology/comments/1e9i9p9/what_app_is_best_and_most_accurate_for_daily/"
"FORUM-001","astrology_esoterics","trust_accuracy","wants_accuracy_explanation|wants_low_friction_daily_use","comment","medium","Alina must make personalization explainable and avoid generic horoscope framing.","Agreed. I have subscribed to CHANI for a year and actually just unsubscribed. I’ve always liked the app but some of the descriptions in the daily horoscopes and in the transit ones are so abstract that I don’t know what it even is really sa","https://www.reddit.com/r/astrology/comments/1e9i9p9/what_app_is_best_and_most_accurate_for_daily/"
"FORUM-002","astrology_esoterics","trust_accuracy","wants_accuracy_explanation|wants_low_friction_daily_use|streaks_can_create_anxiety","comment","medium","Use birth data and timing only when the app can explain why guidance is being shown.","Thanks for posting in r/beginnerastrology! As a gentle reminder, please remember this is a sub for learning about astrology and how to read a natal chart! It is NOT a place for getting your chart read for you. If your post breaks any of our","https://www.reddit.com/r/beginnerastrology/comments/1ixdlly/whats_your_favorite_astrology_app_and_why/"
"FORUM-002","astrology_esoterics","trust_accuracy","wants_accuracy_explanation|safety_boundary_needed","comment","medium","Use birth data and timing only when the app can explain why guidance is being shown.","The Pattern - accurate information (vs Co-Star, which I think just uses AI to spit out a bunch of inaccurate noise)","https://www.reddit.com/r/beginnerastrology/comments/1ixdlly/whats_your_favorite_astrology_app_and_why/"
"FORUM-002","astrology_esoterics","trust_accuracy","wants_accuracy_explanation|rejects_hard_paywall","comment","medium","Use birth data and timing only when the app can explain why guidance is being shown.","Astro Charts Pro, mostly because, even after 37 years in witchcraft, the occult, and tarot, I never really paid much attention to astrology. So I hit up a friend of mine to teach me, finally, and I got the app so I could learn to read chart","https://www.reddit.com/r/beginnerastrology/comments/1ixdlly/whats_your_favorite_astrology_app_and_why/"
"FORUM-002","astrology_esoterics","trust_accuracy","wants_accuracy_explanation|wants_low_friction_daily_use","comment","medium","Use birth data and timing only when the app can explain why guidance is being shown.","well back in the day i used to run charts with alabe.com and got the app when it came out (which is celeste) it’s suuper simple, almost ugly! but the layout is so familiar :)","https://www.reddit.com/r/beginnerastrology/comments/1ixdlly/whats_your_favorite_astrology_app_and_why/"
"FORUM-003","astrology_esoterics","depth_request","wants_accuracy_explanation|wants_low_friction_daily_use|safety_boundary_needed","comment","low_medium","Depth can be a paid expansion layer, but the free loop needs enough specificity to avoid feeling shallow.","Haha, this is pretty accurate, a lot of horoscope apps just skim the surface, right? I’m working on an AI-astrology thing (TaraTok) where instead of just giving daily sun-sign horoscopes, we try to factor in nakshatras, dasha cycles, and ev","https://www.reddit.com/r/astrologymemes/comments/1hxdlig/accurateish_horoscope_apps/"
"FORUM-003","astrology_esoterics","depth_request","wants_accuracy_explanation|safety_boundary_needed","post_body","low_medium","Depth can be a paid expansion layer, but the free loop needs enough specificity to avoid feeling shallow.","Anyone have any recs for accurate-ish, personalized horoscope apps? I thought Co-Star was pretty spot on every now and then, but apparently it’s riddled with controversy and powered more by AI now. :( Thanks!","https://www.reddit.com/r/astrologymemes/comments/1hxdlig/accurateish_horoscope_apps/"
"FORUM-003","astrology_esoterics","depth_request","wants_accuracy_explanation|wants_low_friction_daily_use","comment","low_medium","Depth can be a paid expansion layer, but the free loop needs enough specificity to avoid feeling shallow.","Personally I like CHANI. I used to have Co-Star but CHANI explain my chart much better. I like horoscope by Holiday Mathis, not an app, I just read her daily update on website.","https://www.reddit.com/r/astrologymemes/comments/1hxdlig/accurateish_horoscope_apps/"
"FORUM-003","astrology_esoterics","depth_request","wants_accuracy_explanation","post_title","low_medium","Depth can be a paid expansion layer, but the free loop needs enough specificity to avoid feeling shallow.","Accurate-ish Horoscope Apps? 🤔","https://www.reddit.com/r/astrologymemes/comments/1hxdlig/accurateish_horoscope_apps/"
"FORUM-004","astrology_esoterics","competitor_recommendation","wants_accuracy_explanation","post_title","low_medium","Competitive review should include specialist astrology tools, not only mass-market apps.","What astrology/horoscope websites/apps seem the most accurate to you?","https://www.reddit.com/r/astrology/comments/187kgap/what_astrologyhoroscope_websitesapps_seem_the/"
"FORUM-004","astrology_esoterics","competitor_recommendation","safety_boundary_needed","comment","low_medium","Competitive review should include specialist astrology tools, not only mass-market apps.","I don’t know. I just went on that website put in that I’m a cancer and the man is a Virgo and try to tell me that we both don’t like to take too many risks, but I’m huge on taking and just didn’t really describe me well , astrology goes dee","https://www.reddit.com/r/astrology/comments/187kgap/what_astrologyhoroscope_websitesapps_seem_the/"
"FORUM-004","astrology_esoterics","competitor_recommendation","wants_accuracy_explanation","comment","low_medium","Competitive review should include specialist astrology tools, not only mass-market apps.","Best transit descriptions ever. Seriously, this app is based on new edition of Planets in Transit by Robert Hand that hasn't been published yet. It is the only way to access the most accurate transit descriptions.","https://www.reddit.com/r/astrology/comments/187kgap/what_astrologyhoroscope_websitesapps_seem_the/"
"FORUM-004","astrology_esoterics","competitor_recommendation","wants_accuracy_explanation","comment","low_medium","Competitive review should include specialist astrology tools, not only mass-market apps.","Using Cafe astrology for transits. Always so helpful https://astro.cafeastrology.com/astro.php?page=compdf","https://www.reddit.com/r/astrology/comments/187kgap/what_astrologyhoroscope_websitesapps_seem_the/"
"FORUM-005","mindfulness","subscription_value","wants_low_friction_daily_use|rejects_hard_paywall|streaks_can_motivate|wants_emotional_support","post_body","medium","Mindfulness/reset content should prove immediate value before paywalling depth.","Hey all :) Hope you are all doing well. I've never managed to keep a consistent meditation practice but I really enjoyed using Headspace, Love the cute, vibrant theme and all of the diverse features it offers, especially the soundscapes and","https://www.reddit.com/r/Meditation/comments/qf1i9q"
"FORUM-005","mindfulness","subscription_value","rejects_hard_paywall|wants_emotional_support","post_title","medium","Mindfulness/reset content should prove immediate value before paywalling depth.","Is a subscription to the ""Calm"" app worth it?","https://www.reddit.com/r/Meditation/comments/qf1i9q"
"FORUM-005","mindfulness","subscription_value","rejects_hard_paywall|wants_emotional_support","comment","medium","Mindfulness/reset content should prove immediate value before paywalling depth.","Oh yes, even without the subscription I have that background sound playing, loved it so much, truly calmed me lol :) thenkss!","https://www.reddit.com/r/Meditation/comments/qf1i9q"
"FORUM-005","mindfulness","subscription_value","rejects_hard_paywall|wants_emotional_support","comment","medium","Mindfulness/reset content should prove immediate value before paywalling depth.","Calm only seems to have 100+ videos. Doesn't seem that much for a year's subscription?","https://www.reddit.com/r/Meditation/comments/qf1i9q"
"FORUM-006","mindfulness","subscription_value","rejects_hard_paywall|streaks_can_create_anxiety","comment","medium","Subscription sensitivity is a repeated risk in calm/reset markets.","I'm lucky enough that my GFs job gives her a free subscription and we use it almost nightly for sleep. Sometimes I use it during the day for a mediation, some peaceful time, or perhaps just to listen to a story. TBH if she would lose that p","https://www.reddit.com/r/Meditation/comments/twl6v3"
"FORUM-006","mindfulness","subscription_value","rejects_hard_paywall|wants_emotional_support|safety_boundary_needed","comment","medium","Subscription sensitivity is a repeated risk in calm/reset markets.","I tried Calm, Balance, Headspace, Insight Timer, heartsapp, Waking Up and Aura (I think it was called). I am on Balance now bc I have 1 year free, but out of these, the one that worked best for me and got me into meditation was Calm. I will","https://www.reddit.com/r/Meditation/comments/twl6v3"
"FORUM-006","mindfulness","subscription_value","streaks_can_create_anxiety|wants_emotional_support","comment","medium","Subscription sensitivity is a repeated risk in calm/reset markets.","How do you get the calming ocean sounds, etc to play after you close the app? I know I saw the setting but can’t find it now. As I said above, that is the only flaw with it is that there is a lot of content that is kind of hidden in nooks a","https://www.reddit.com/r/Meditation/comments/twl6v3"
"FORUM-006","mindfulness","subscription_value","rejects_hard_paywall","comment","medium","Subscription sensitivity is a repeated risk in calm/reset markets.","You send the help desk an email saying you can't afford a subscription and they'll give you a free one.","https://www.reddit.com/r/Meditation/comments/twl6v3"
"FORUM-007","mindfulness","anti_gamification","rejects_hard_paywall|streaks_can_motivate|streaks_can_create_anxiety","post_title","medium","Alina's reset loop must feel gentle; game mechanics should be optional and emotionally congruent.","I got tired of meditation apps with paywalls, streaks, and gamification, so I built a completely minimalistic timer.","https://www.reddit.com/r/selfcare/comments/1takx0n/i_got_tired_of_meditation_apps_with_paywalls/"
"FORUM-007","mindfulness","anti_gamification","streaks_can_motivate|streaks_can_create_anxiety","post_body","medium","Alina's reset loop must feel gentle; game mechanics should be optional and emotionally congruent.","Like many of you, I started my practice using some of the big-name meditation apps. While they were great for guided sessions initially, as I moved toward silent practice, I found them incredibly distracting. The notifications, the ""streaks","https://www.reddit.com/r/selfcare/comments/1takx0n/i_got_tired_of_meditation_apps_with_paywalls/"
"FORUM-007","mindfulness","anti_gamification","streaks_can_motivate|streaks_can_create_anxiety","post_body","medium","Alina's reset loop must feel gentle; game mechanics should be optional and emotionally congruent.","It’s called meditatenow.pro. It's entirely minimalistic, no feeds, no streaks, no bloatware. I also added a dedicated Vipassana mode, as that's been a core part of my recent practice.","https://www.reddit.com/r/selfcare/comments/1takx0n/i_got_tired_of_meditation_apps_with_paywalls/"
"FORUM-007","mindfulness","anti_gamification","wants_low_friction_daily_use","comment","medium","Alina's reset loop must feel gentle; game mechanics should be optional and emotionally congruent.","honestly i think a lot of people are getting tired of turning every peaceful habit into another productivity game, so the minimal approach actually sounds refreshing.","https://www.reddit.com/r/selfcare/comments/1takx0n/i_got_tired_of_meditation_apps_with_paywalls/"
"FORUM-008","coaching","habit_friction","wants_low_friction_daily_use|rejects_hard_paywall|streaks_can_motivate|streaks_can_create_anxiety","comment","medium_high","Alina should begin with one small daily action, not broad task management.","Honestly the only ones that ever worked for me were the boring ones. Google Keep or Apple Notes with a daily checklist. One note per day, tick things off, delete it tomorrow. Zero friction, no streak pressure, no paywalls. A plain paper hab","https://www.reddit.com/r/selfimprovement/comments/1qei1la/free_habit_tracker_that_worked_for_you/"
"FORUM-008","coaching","habit_friction","wants_low_friction_daily_use|rejects_hard_paywall|streaks_can_motivate|streaks_can_create_anxiety","comment","medium_high","Alina should begin with one small daily action, not broad task management.","I use Google Calendar to manage basically my entire life. They recently implemented task reminders that you can check off when they're done. You might try adding a daily task that pops up around when you wake up, just to remind you to be co","https://www.reddit.com/r/selfimprovement/comments/1qei1la/free_habit_tracker_that_worked_for_you/"
"FORUM-008","coaching","habit_friction","wants_low_friction_daily_use|rejects_hard_paywall|streaks_can_create_anxiety","comment","medium_high","Alina should begin with one small daily action, not broad task management.","Loop Habit Tracker on Android. No paywall at all, very simple UI and tracking. It has trends as well! One con was that it can import/export data, but doesn't sync with anything. So when my phone was stolen, I lost my data. So I didn't end u","https://www.reddit.com/r/selfimprovement/comments/1qei1la/free_habit_tracker_that_worked_for_you/"
"FORUM-008","coaching","habit_friction","wants_low_friction_daily_use|rejects_hard_paywall|wants_visible_progression","comment","medium_high","Alina should begin with one small daily action, not broad task management.","Zenbaord which is 100% free with features • Smart habit tracking with progress visualization • Intuitive expense manager to track spending • Owes manager to record borrowed and lent money","https://www.reddit.com/r/selfimprovement/comments/1qei1la/free_habit_tracker_that_worked_for_you/"
"FORUM-009","coaching","routine_design","wants_low_friction_daily_use|streaks_can_motivate|streaks_can_create_anxiety","post_body","medium_high","Alina's daily loop should be a compact ritual block with one completion event.","Hi! I’ve created a list of daily habits that I genuinely want to stick to every single day, and I’m trying to build a proper streak system around them to stay consistent. I came across the Streaks app, but I heard there’s a limit of 20 habi","https://www.reddit.com/r/selfimprovement/comments/1r3f4pe/beat_habit_tracking_apps/"
"FORUM-009","coaching","routine_design","wants_low_friction_daily_use|streaks_can_motivate|streaks_can_create_anxiety","comment","medium_high","Alina's daily loop should be a compact ritual block with one completion event.","Thanks for taking your time. Yes, i want to stack my habits into routines become they are like small habits like drink water first thing in the morning, 10 minutes of walk post meal, take supplements etc. so thought I can make those of rout","https://www.reddit.com/r/selfimprovement/comments/1r3f4pe/beat_habit_tracking_apps/"
"FORUM-009","coaching","routine_design","wants_low_friction_daily_use|rejects_hard_paywall|wants_emotional_support","post_body","medium_high","Alina's daily loop should be a compact ritual block with one completion event.","I’d also love something that allows me to stack habits into routines instead of tracking everything separately. If you know of any better apps that support that kind of structure, I’d really appreciate your suggestions. Free would be ideal,","https://www.reddit.com/r/selfimprovement/comments/1r3f4pe/beat_habit_tracking_apps/"
"FORUM-009","coaching","routine_design","wants_low_friction_daily_use|wants_visible_progression","comment","medium_high","Alina's daily loop should be a compact ritual block with one completion event.","I prefer to use habit tracker with simple mechanics, I started to use Completer in January and it works pretty well for me and I already see progress in my life.","https://www.reddit.com/r/selfimprovement/comments/1r3f4pe/beat_habit_tracking_apps/"
"FORUM-010","coaching","streak_recovery","wants_low_friction_daily_use|rejects_hard_paywall|streaks_can_motivate|streaks_can_create_anxiety|wants_recovery_or_forgiveness","comment","high","Progression needs forgiveness, reset, and momentum mechanics instead of punitive streak loss.","To answer your actual question though, the reason streaks stop working after a few weeks is usually one of two things: The habit was too ambitious. ""Read for 30 minutes"" dies fast. ""Open a book"" survives. The streak app doesn't matter if th","https://www.reddit.com/r/ProductivityApps/comments/1rne1z1/do_apps_with_streaks_actually_help_you_stay/"
"FORUM-010","coaching","streak_recovery","wants_low_friction_daily_use|streaks_can_motivate|streaks_can_create_anxiety|wants_visible_progression","comment","high","Progression needs forgiveness, reset, and momentum mechanics instead of punitive streak loss.","Streaks can be really motivating at the start because seeing a visual chain of consistent action gives a sense of accomplishment and accountability. Over time, though, if the streak becomes the main focus rather than the habit itself, it ca","https://www.reddit.com/r/ProductivityApps/comments/1rne1z1/do_apps_with_streaks_actually_help_you_stay/"
"FORUM-010","coaching","streak_recovery","wants_accuracy_explanation|wants_low_friction_daily_use|streaks_can_motivate|streaks_can_create_anxiety","comment","high","Progression needs forgiveness, reset, and momentum mechanics instead of punitive streak loss.","I really like how Todoist and Headway streaks work! They help me stay consistent and build daily learning habits in a non-pushy yet convincing (haha) manner. I recently downloaded HabitNow to plan my day better, but it's a bit overwhelming","https://www.reddit.com/r/ProductivityApps/comments/1rne1z1/do_apps_with_streaks_actually_help_you_stay/"
"FORUM-010","coaching","streak_recovery","wants_low_friction_daily_use|streaks_can_motivate|streaks_can_create_anxiety|wants_recovery_or_forgiveness|wants_emotional_support","comment","high","Progression needs forgiveness, reset, and momentum mechanics instead of punitive streak loss.","The weird feeling is exactly why streaks are a double-edged sword—they’re great for starting, but devastating when you eventually miss a day. I built Ahabit specifically to solve that 'stressful' part. Instead of a streak counter that reset","https://www.reddit.com/r/ProductivityApps/comments/1rne1z1/do_apps_with_streaks_actually_help_you_stay/"
"FORUM-011","coaching","streak_anxiety","wants_low_friction_daily_use|streaks_can_motivate|streaks_can_create_anxiety|wants_visible_progression|wants_emotional_support","post_body","high","Alina should show progress toward identity/action, not loyalty to the app.","Genuinely curious what people think. Do streaks keep you coming back, or do they quietly stress you out? Is there something else that works better for you, like weekly goals or just plain progress tracking?","https://www.reddit.com/r/ProductivityApps/comments/1t5trp0/streaks_in_productivity_apps_motivating_or/"
"FORUM-011","coaching","streak_anxiety","wants_low_friction_daily_use|streaks_can_motivate|streaks_can_create_anxiety|wants_visible_progression","comment","high","Alina should show progress toward identity/action, not loyalty to the app.","The issue is that streaks if not doen right eventually track compliance rather than progress. Once the streak is high enough, I’m just opening the app to keep the number alive, not to actually be productive.","https://www.reddit.com/r/ProductivityApps/comments/1t5trp0/streaks_in_productivity_apps_motivating_or/"
"FORUM-011","coaching","streak_anxiety","streaks_can_motivate|streaks_can_create_anxiety|wants_visible_progression","comment","high","Alina should show progress toward identity/action, not loyalty to the app.","If your app needs streaks to bring people back, the app probably isn't doing its core job well enough. Streaks measure loyalty to the app, not progress toward the user's goal. In my opinion a good productivity tool brings people back becaus","https://www.reddit.com/r/ProductivityApps/comments/1t5trp0/streaks_in_productivity_apps_motivating_or/"
"FORUM-011","coaching","streak_anxiety","streaks_can_motivate|streaks_can_create_anxiety|wants_emotional_support","comment","high","Alina should show progress toward identity/action, not loyalty to the app.","early on they’re motivating, but after a while they can start feeling weirdly stressful, like you’re opening the app just to “not lose the number” instead of actually wanting to use it. and yeah, once a long streak breaks, a lot of people m","https://www.reddit.com/r/ProductivityApps/comments/1t5trp0/streaks_in_productivity_apps_motivating_or/"
"FORUM-012","coaching","subscription_value","wants_low_friction_daily_use|streaks_can_motivate|streaks_can_create_anxiety|wants_recovery_or_forgiveness","post_body","medium","Missed-day reflection may be more valuable than simple streak punishment.","No ""Why"": If I missed a habit, I didn't want to just lose my streak. I wanted to add a note or a reflection on why I missed it, so I could actually learn.","https://www.reddit.com/r/ProductivityApps/comments/1qgwiak/i_got_tired_of_paying_subscriptions_just_to_track/"
"FORUM-012","coaching","subscription_value","wants_low_friction_daily_use|rejects_hard_paywall","post_title","medium","Missed-day reflection may be more valuable than simple streak punishment.","I got tired of paying subscriptions just to track my habits, so I built my own (Free + Promo Codes inside!)","https://www.reddit.com/r/ProductivityApps/comments/1qgwiak/i_got_tired_of_paying_subscriptions_just_to_track/"
"FORUM-012","coaching","subscription_value","rejects_hard_paywall","post_body","medium","Missed-day reflection may be more valuable than simple streak punishment.","The Paywall: The really good ones ask for a monthly subscription that costs more than my Netflix.","https://www.reddit.com/r/ProductivityApps/comments/1qgwiak/i_got_tired_of_paying_subscriptions_just_to_track/"
"FORUM-012","coaching","subscription_value","streaks_can_motivate|streaks_can_create_anxiety","post_body","medium","Missed-day reflection may be more valuable than simple streak punishment.","Widget Overload: I built 5+ different widget types (Heatmaps, Streaks, Weekly Grids) because I like my home screen to look functional.","https://www.reddit.com/r/ProductivityApps/comments/1qgwiak/i_got_tired_of_paying_subscriptions_just_to_track/"
"FORUM-013","avatar_identity","emotional_support","rejects_hard_paywall|streaks_can_motivate|streaks_can_create_anxiety|wants_emotional_support|safety_boundary_needed","comment","medium","Alina's companion tone should be emotionally attentive but bounded and low-stakes.","Nomi AI is still the strongest for that specific use case. The emotional tone is more consistent than anything else I've tested when support is the primary reason you're using it. Candy AI is worth considering too if you want something that","https://www.reddit.com/r/AIChatCompanions/comments/1rm4fyo/tested_20_ai_companions_so_you_dont_have_to_heres/"
"FORUM-013","avatar_identity","emotional_support","rejects_hard_paywall|wants_emotional_support|safety_boundary_needed","post_body","medium","Alina's companion tone should be emotionally attentive but bounded and low-stakes.","Memory matters most: Candy AI or Nectar AI. Conversational freedom matters most: CrushOn AI. Emotional support is the main thing: Nomi AI. Not sure yet: start with Character AI's free tier to figure out what you actually want, then move to","https://www.reddit.com/r/AIChatCompanions/comments/1rm4fyo/tested_20_ai_companions_so_you_dont_have_to_heres/"
"FORUM-013","avatar_identity","emotional_support","streaks_can_create_anxiety|wants_emotional_support|safety_boundary_needed","comment","medium","Alina's companion tone should be emotionally attentive but bounded and low-stakes.","Solid breakdown. One thing I'd add about Nomi AI is that the emotional tone is genuinely different from most AI companions with memory I've tried, but you do hit a ceiling pretty fast if your conversations tend to go in unconventional direc","https://www.reddit.com/r/AIChatCompanions/comments/1rm4fyo/tested_20_ai_companions_so_you_dont_have_to_heres/"
"FORUM-013","avatar_identity","emotional_support","streaks_can_create_anxiety|wants_emotional_support|safety_boundary_needed","comment","medium","Alina's companion tone should be emotionally attentive but bounded and low-stakes.","Finding the right AI companion can feel daunting, especially with so many options out there. It's refreshing to see someone break it down by use case rather than just rankings. Similar to your experience, I've used AI companions for creativ","https://www.reddit.com/r/AIChatCompanions/comments/1rm4fyo/tested_20_ai_companions_so_you_dont_have_to_heres/"
"FORUM-014","avatar_identity","attachment_behavior","streaks_can_create_anxiety|wants_visible_progression|wants_emotional_support","comment","low_medium","Avatar/companion features can drive attachment, but trust and safety boundaries matter.","This is a great breakdown. Kindroid definitely seems to have the edge on memory right now, which is such a dealbreaker for long-term use. It's interesting to see how Evernear is trying to tackle the relationship progression aspect too—defin","https://www.reddit.com/r/AIChatReviews/comments/1sim373/i_tried_5_ai_companions_so_you_dont_have_to_a/"
"FORUM-014","avatar_identity","attachment_behavior","streaks_can_create_anxiety|wants_emotional_support|safety_boundary_needed","post_title","low_medium","Avatar/companion features can drive attachment, but trust and safety boundaries matter.","I Tried 5 AI Companions So You Don’t Have To (a detailed breakdown)","https://www.reddit.com/r/AIChatReviews/comments/1sim373/i_tried_5_ai_companions_so_you_dont_have_to_a/"
"FORUM-014","avatar_identity","attachment_behavior","wants_accuracy_explanation|rejects_hard_paywall|safety_boundary_needed","comment","low_medium","Avatar/companion features can drive attachment, but trust and safety boundaries matter.","solid list but surprised you didn't try Dusk AI. you literally listed memory as cai's biggest weakness and relationship continuity as the main thing you're trying to solve — that's the exact thing Dusk AI focuses on. conversations actually","https://www.reddit.com/r/AIChatReviews/comments/1sim373/i_tried_5_ai_companions_so_you_dont_have_to_a/"
"FORUM-014","avatar_identity","attachment_behavior","wants_emotional_support|safety_boundary_needed","post_body","low_medium","Avatar/companion features can drive attachment, but trust and safety boundaries matter.","I’ve spent the last few weeks deep-diving into AI companion/chat apps.","https://www.reddit.com/r/AIChatReviews/comments/1sim373/i_tried_5_ai_companions_so_you_dont_have_to_a/"
"FORUM-015","gaming","retention_backlash","wants_low_friction_daily_use|streaks_can_motivate|streaks_can_create_anxiety|wants_recovery_or_forgiveness|wants_visible_progression|rejects_manipulative_gamification|wants_emotional_support","comment","medium","Alina should borrow visible progression, not manipulative daily-claim monetization.","My opinion is, a daily reward system that a line of rewards, and every day you are allowed to claim the next reward in line, and the line doesn't reset every calendar month or something it's just a counter for total days played since accoun","https://www.reddit.com/r/incremental_games/comments/pyac47"
"FORUM-015","gaming","retention_backlash","wants_low_friction_daily_use|rejects_hard_paywall|streaks_can_motivate|streaks_can_create_anxiety|wants_recovery_or_forgiveness|wants_visible_progression|rejects_manipulative_gamification","comment","medium","Alina should borrow visible progression, not manipulative daily-claim monetization.","Make a game that's fun to play, then think about adding rewards for playing. I don't think I've seen daily rewards done well, except for maybe NGU where you can buy an item that stores multiple days' rewards. There are plenty of games I've","https://www.reddit.com/r/incremental_games/comments/pyac47"
"FORUM-015","gaming","retention_backlash","wants_low_friction_daily_use|streaks_can_motivate|streaks_can_create_anxiety|wants_visible_progression|rejects_manipulative_gamification","comment","medium","Alina should borrow visible progression, not manipulative daily-claim monetization.","Frankly I don't like any kind of daily rewards. All ""retention"" mechanics shift the purpose of a game from entertaining its players to monetizing them. The bigger the rewards are, and the harsher the penalties for breaking a streak, the mor","https://www.reddit.com/r/incremental_games/comments/pyac47"
"FORUM-015","gaming","retention_backlash","wants_low_friction_daily_use|streaks_can_motivate|streaks_can_create_anxiety|wants_recovery_or_forgiveness|wants_visible_progression","post_body","medium","Alina should borrow visible progression, not manipulative daily-claim monetization.","Hello, as far as daily claims go what are your likes and dislikes? Is having to watch an ad to double a reward good or bad? Should the daily claim reset if a day is missed? Should rewards repeat after x days or continue upwards as long as t","https://www.reddit.com/r/incremental_games/comments/pyac47"
"FORUM-016","gaming","cozy_progression","wants_visible_progression|wants_emotional_support","post_body","medium","Progress should feel cozy, additive, and effort-linked; avoid cash-shop vibes.","Ideally, I'd love for there to be some sort of gameplay ""cycle"" where crafting materials gained at lower skill levels are used for progressively better tools, equipment, and support items (to a certain point)–but are more easily farmable at","https://www.reddit.com/r/CozyGamers/comments/1g9dnv3"
"FORUM-016","gaming","cozy_progression","wants_visible_progression|safety_boundary_needed","comment","medium","Progress should feel cozy, additive, and effort-linked; avoid cash-shop vibes.","I’d recommend planet crafter. I adore this game and find it so relaxing to play. It’s a bit of survival but no combat at all. Only risk is your oxygen, food and water. But the progression is so rewarding as you see the world around you chan","https://www.reddit.com/r/CozyGamers/comments/1g9dnv3"
"FORUM-016","gaming","cozy_progression","wants_visible_progression","post_title","medium","Progress should feel cozy, additive, and effort-linked; avoid cash-shop vibes.","Cozy games with layers of progression, (level) grinds, and crafting?","https://www.reddit.com/r/CozyGamers/comments/1g9dnv3"
"FORUM-016","gaming","cozy_progression","wants_visible_progression","post_body","medium","Progress should feel cozy, additive, and effort-linked; avoid cash-shop vibes.","Edit TLDR: Recommend me cozy games with layered/deep progression and intricate crafting!","https://www.reddit.com/r/CozyGamers/comments/1g9dnv3"
"FORUM-017","gaming","retention_mechanics","wants_low_friction_daily_use|streaks_can_motivate|streaks_can_create_anxiety|wants_visible_progression|rejects_manipulative_gamification","doc_body","medium","Use streaks carefully: retention upside exists, but user evidence shows anxiety risk.","Streaks are valuable to app developers because they turn occasional use into habitual behavior. By rewarding consecutive days of activity, streaks increase retention, strengthen user identity and investment in the app, and make push notific","https://developers.reddit.com/docs/capabilities/notifications/adding-streaks"
"FORUM-017","gaming","retention_mechanics","wants_low_friction_daily_use|streaks_can_motivate|streaks_can_create_anxiety","doc_body","medium","Use streaks carefully: retention upside exists, but user evidence shows anxiety risk.","You are a senior Devvit engineer. Add a robust daily streak system and a streak-aware push notification campaign to this Devvit app.","https://developers.reddit.com/docs/capabilities/notifications/adding-streaks"
"FORUM-017","gaming","retention_mechanics","wants_low_friction_daily_use|streaks_can_motivate|streaks_can_create_anxiety","doc_body","medium","Use streaks carefully: retention upside exists, but user evidence shows anxiety risk.","Use Redis as the source of truth for daily streak days.","https://developers.reddit.com/docs/capabilities/notifications/adding-streaks"
"FORUM-017","gaming","retention_mechanics","wants_accuracy_explanation|streaks_can_motivate|streaks_can_create_anxiety","doc_body","medium","Use streaks carefully: retention upside exists, but user evidence shows anxiety risk.","This section explains how streaks work in Syllo in a practical, implementation-focused way.","https://developers.reddit.com/docs/capabilities/notifications/adding-streaks"
"FORUM-018","gaming","daily_loops","wants_low_friction_daily_use|streaks_can_motivate|streaks_can_create_anxiety|wants_visible_progression","doc_body","medium","Supports the product thesis that daily repeatable loops can work, if the loop is simple and rewarding.","Build loops in your game that reward daily habits. Streaks and milestone rewards encourage consistency: players come back to maintain progress and reach the next goal. You’ll see streaks in games like r/syllo, and r/honk lets players earn l","https://developers.reddit.com/docs/guides/best-practices/community_games"
"FORUM-018","gaming","daily_loops","wants_low_friction_daily_use|streaks_can_motivate|streaks_can_create_anxiety","doc_body","medium","Supports the product thesis that daily repeatable loops can work, if the loop is simple and rewarding.","Push notifications are another way to reinforce a daily habit, and they work best when paired with other retention features like streaks, leagues, and leaderboards. Push notifications are currently a limited beta feature, but you can reach","https://developers.reddit.com/docs/guides/best-practices/community_games"
"FORUM-018","gaming","daily_loops","wants_low_friction_daily_use|wants_visible_progression","doc_body","medium","Supports the product thesis that daily repeatable loops can work, if the loop is simple and rewarding.","Player retentionAdd a subscribe optionHabits and feedback loopsProgress and recognitionCompetition and social pullChallenges and missionsReward systems","https://developers.reddit.com/docs/guides/best-practices/community_games"
"FORUM-018","gaming","daily_loops","rejects_hard_paywall|streaks_can_motivate|streaks_can_create_anxiety","doc_body","medium","Supports the product thesis that daily repeatable loops can work, if the loop is simple and rewarding.","Tip: Consider adding grace mechanics like streak freezes to reduce churn.","https://developers.reddit.com/docs/guides/best-practices/community_games"