claim_id,report_section,claim_ru,evidence_status_ru,primary_metric,evidence_files,source_boundary_ru
"SRC_01_PROJECT_AND_SCALE","Описание проекта и гипотеза #1","Alina проверяется как мировая consumer-app гипотеза на пересечении meaning, action, reset и visible progress; масштаб source base достаточен для desk research, но не для финального PMF claim.","доказано как исследовательский слой","67525 cross-source raw rows; 36694 cross-source dedup rows; 39 coverage cells; 11 strong and 12 medium source/market cells","data_processed/cross_source_universe_raw_index.csv;data_processed/cross_source_universe_dedup.csv;data_processed/russian_readable_niche_summary.csv","Это source/discovery coverage, а не ручная проверка каждого конкурента и не proof спроса."
"SRC_02_MARKET_SIZING","Определение мировых целевых рынков и гипотеза #2","Пять мировых adjacent-направлений имеют достаточный market-money context для дальнейшей проверки Alina.","поддержано направленно, но не финальный revenue/WTP proof","6 market rows; 3 strong and 1 medium directional money cases","data_processed/tam_sam_som_model.csv;data_processed/market_money_triangulation.csv;data_processed/market_source_registry.csv;source_ids=SRC-MKT-0001|SRC-MKT-0002|SRC-MKT-0003|SRC-MKT-0004|SRC-MKT-0005|SRC-MKT-0006|SRC-MKT-0007|SRC-MKT-0008|SRC-MKT-0009|SRC-MKT-0010|SRC-MKT-0011|SRC-MKT-0012","Market reports часто broad-category/paywalled; использовать как range-based sizing, не как прогноз выручки Alina."
"SRC_03_COMPETITORS","Определение конкурентов и гипотеза #3","Конкуренты закрывают отдельные части петли; P0 список нужен для проверки hidden-clone риска.","готово к проверке, gate открыт","100 top-candidate rows; 90 primary apps; 12 P0 inspection targets; 12 public listings inspected; taxonomy_cleanup_rows=8","data_processed/russian_competitor_battlecards.csv;data_processed/global_competitor_archetype_rollup.csv;data_processed/competitor_taxonomy_cleanup_queue.csv;docs/competitive/competitor-taxonomy-cleanup-queue-v1.md;data_processed/top100_competitor_review_scorecard.csv;data_processed/manual_competitor_inspection_packet.csv","Public listings и scorecards не заменяют app/onboarding walkthrough screenshots."
"SRC_04_WHITESPACE","Где дыры и возможность отличиться","Белое пятно формулируется как узкая причинная петля, а не как отсутствие wellness/coaching/avatar конкурентов.","поддержано направленно, но не финально доказано","1/100 strict behavior-tied progression signals; 6 cross-source saturation markets; 2 benchmark-only markets; 12 P0 apps queued","data_processed/russian_whitespace_decision_map.csv;data_processed/cross_source_market_saturation_matrix.csv;data_processed/whitespace_signal_matrix.csv","Whitespace нельзя апгрейдить без manual walkthrough и final verdict_after_inspection."
"SRC_05_AUDIENCE","Аудитория, интервью и гипотеза #4","Digital ritual users являются directional ICP, но primary ICP выбирается только после interviews/prototype sessions.","поддержано направленно, но не финально доказано","20492 audience signal rows; 294 community/referral rows; 2339 coded Reddit mention rows; 1852 Reddit manual-read queue rows; 574 Reddit capture rows; 6 ICP segment hypotheses; 36 ICP validation tests; 24 ICP recruiting bridge rows","data_processed/russian_icp_battlecards.csv;data_processed/audience_signal_matrix.csv;data_processed/russian_voc_objection_map.csv","Audience rows и Reddit/forum signals не являются representative survey и не заменяют recent-behavior interviews."
"SRC_06_PRODUCT_CORE","Итоговая модель продукта и гипотеза #5","MVP-петля описана как stimulus design и должна пройти prototype comprehension, differentiation, trust and WTP checks.","поддержано направленно, но не финально доказано","12552 feature matrix rows; 100 product-core rows; 8 prototype screens","data_processed/russian_product_loop_cards.csv;data_processed/prototype_validation_stimulus_flow.csv;data_processed/prototype_validation_scorecard.csv","Product core не считается доказанным без заполненных prototype_session_capture_sheet и scorecard."
"SRC_07_PROVENANCE","Источники и границы доказательств","Пакет трассируем локально через manifest/provenance; missing artifacts отсутствуют после пересборки.","доказано как исследовательский слой","492 manifest artifacts; missing=0","data_processed/evidence_artifact_manifest.csv;docs/decision/evidence-package-manifest-v1.md","Manifest доказывает наличие файлов и хэши, но не заменяет содержательную валидацию claims."
"SRC_08_SAMPLE_STYLE_REFERENCE","Логика гипотез и повествовательная форма","Финальный отчет должен держать последовательную форму образца: сначала идея и гипотеза, затем рынки, конкуренты, whitespace, аудитория, продуктовая петля и validation.","используется как style benchmark, не как market evidence","sample_docx_paragraphs=645; benchmark_doc=docs/decision/alina-sample-style-benchmark-v1.md","docs/decision/alina-sample-style-benchmark-v1.md","Образец задает композицию и русский нарратив; он не переносит российский рынок, локальные цифры или старую продуктовую гипотезу в мировой отчет."
"SRC_09_NICHE_COUNT_ROLLUP","Определение мировых целевых рынков и гипотеза #2","По каждой из пяти ниш отдельно зафиксированы raw/dedup/direct/top100/manual-target счетчики, чтобы читатель видел масштаб данных по направлению.","доказано как source-count rollup, не как PMF proof","5 niche rows; file=data_processed/global_niche_count_rollup.csv","data_processed/global_niche_count_rollup.csv;docs/competitive/global-niche-count-rollup-v1.md;data_processed/russian_readable_niche_summary.csv;data_processed/cross_source_coverage_matrix.csv","Niche count rollup показывает масштаб source discovery по рынкам; он не доказывает спрос, WTP или отсутствие скрытого full-loop конкурента."
"SRC_10_REPORT_READABILITY","Проверка складности и читаемости отчета","Русский мировой отчет читается как последовательная гипотезная история; для легкого чтения добавлена executive narrative версия.","проверено редакционным аудитом, не market proof","7 readability audit rows","data_processed/global_report_readability_audit.csv;docs/decision/global-report-readability-audit-v1.md;reports/alina-global-executive-narrative-v1.md;output/pdf/alina-global-executive-narrative-v1.pdf","Readability audit оценивает форму и ясность текста; он не доказывает рыночные или продуктовые claims."