audit_id,report_area_ru,readability_status_ru,severity_ru,evidence_seen_ru,issue_ru,recommendation_ru,target_file,claim_boundary_ru
"READ_01_SEQUENCE","Порядок повествования","складно","низкая","20 крупных разделов; expected_sequence_breaks=0","Основная логика читается последовательно: продуктовая гипотеза -> статус доказательств -> рынки -> деньги -> конкуренты -> whitespace -> аудитория -> MVP -> validation queue -> источники.","Сохранять этот порядок при следующих расширениях и не вставлять новые тяжелые таблицы до объясняющего абзаца.","reports/alina-global-hypothesis-report-v1.md","Аудит оценивает читаемость текущего текста, а не доказывает market/product claims."
"READ_02_COUNTS","Видимость счетчиков по нишам","складно","средняя","в отчете есть таблицы Direct app/store dedup, Total dedup, Top-100 apps и niche rollup","Читатель видит, сколько приложений/строк взято по каждой нише, и получает предупреждение, что построчные niche dedup нельзя складывать как уникальных конкурентов.","Оставить счетчики в основном тексте; если добавлять новые источники, обновлять niche rollup до PDF/DOCX.","reports/alina-global-hypothesis-report-v1.md","Счетчики показывают coverage, но не равны числу прямых клонов Alina."
"READ_03_TABLE_DENSITY","Плотность таблиц","перегружено","высокая","markdown_table_rows=256","Отчет уже читается как связный narrative, но часть секций остается data-heavy: competitor archetype rollup, validation questions и source appendix могут утомлять без промежуточных выводов.","В следующей итерации сделать два режима: executive narrative в основном PDF и heavy appendix для широких таблиц, сохранив текущий полный отчет как evidence pack.","reports/alina-global-hypothesis-report-v1.md","Плотность таблиц не ошибка данных; это риск восприятия и презентации."
"READ_04_COMPETITOR_TAXONOMY","Логичность competitor map","складно с оговоркой","средняя","competitor archetype rollup дополнен cleanup queue и прямой оговоркой queued_not_applied","Раньше часть конкурентных строк могла выглядеть нелогично из-за смешения AI companion, roleplay, tarot/oracle и habit tracker. Теперь этот шум назван в тексте и вынесен в отдельную очередь.","После ручного taxonomy pass обновить top100 scorecard или оставить queue как documented limitation, если правки не подтверждены.","data_processed/competitor_taxonomy_cleanup_queue.csv","Queue не переписывает taxonomy автоматически и не усиливает H1/H3."
"READ_05_LANGUAGE_MIX","Русский текст и технические EN-термины","понятно, но много терминов","средняя","technical_english_hits=466","Документ русскоязычный, но сознательно оставляет technical labels вроде TAM/SAM/SOM, scorecard, walkthrough, paywall, dedup и hold_validate. Это удобно для операционной работы, но местами снижает мягкость чтения.","Для внешней версии сделать отдельный glossary или заменить часть table headers на русские подписи; для рабочей версии оставить EN labels там, где они являются ID/полями данных.","reports/alina-global-hypothesis-report-v1.md","Language mix является редакционным риском, а не доказательным риском."
"READ_06_CLAIM_BOUNDARIES","Границы доказательств","складно","низкая","в тексте повторяются hold_validate, not final proof, source boundaries и запрет на claim upgrade без observed evidence","Отчет аккуратно различает desk/source support и observed validation. Это делает текст менее “продающим”, но гораздо честнее для evidence-first решения.","Не убирать эти границы ради красоты; лучше вынести краткий executive summary поверх них, если нужен более легкий PDF.","reports/alina-global-hypothesis-report-v1.md","Сильный narrative не должен усиливать недоказанные claims."
"READ_07_NEXT_ACTION","Ясность следующего шага","складно","низкая","есть P0 очередь: competitor walkthrough -> paid-flow -> ICP interview -> prototype session","После чтения понятно, что следующий скачок качества не в новых таблицах, а в observed rows: скриншоты конкурентов, paywall evidence, интервью и прототипные сессии.","Следующим рабочим ходом закрывать первые P0 walkthrough и paid-flow tasks, а не расширять desk research бесконечно.","reports/alina-global-hypothesis-report-v1.md","Next action clarity не означает, что validation уже пройдена."
"READ_08_NARRATIVE_SPINE","Повествовательная склейка по образцу","складно","низкая","storyline_rows=10; section_present=yes","Отчету нужен не только executive summary, но и явный narrative spine: вопрос читателя, ход раздела, evidence anchor, допустимый вывод, граница и переход дальше.","Держать STORY_01-STORY_10 как редакционный каркас перед каждой внешней сборкой PDF/DOCX.","data_processed/russian_sequential_storyline.csv","Narrative spine улучшает форму отчета, но не усиливает market/product claims без observed evidence."
"READ_09_FRONTMATTER_DASHBOARD","Первые управленческие числа","складно","низкая","dashboard_rows=16; section_present=yes","Читатель должен видеть счетчики по нишам и статус gates до длинных таблиц, иначе отчет кажется перегруженным и нелогичным.","Оставлять frontmatter dashboard в начале полного отчета и executive narrative; тяжелые детализации держать ниже.","data_processed/russian_frontmatter_dashboard.csv","Dashboard показывает навигационные числа, но не апгрейдит гипотезы."
