claim_id,claim_text,hypothesis_id,market,niche,claim_type,value,unit,geography,period,source_id,source_url,source_title,source_publisher,source_date,extraction_date,confidence,evidence_direction,notes
CLM-MKT-0001,"BCG's 2026 gaming report shows mobile game IAP market breakdown with USD 113B in 2025 and USD 166B in 2030, framed as +4% CAGR.",H2,mobile gaming,gaming,market_size,113000000000,USD,global,2025,SRC-MKT-0002,https://web-assets.bcg.com/b3/fa/fd7443244a48a24fae8299ce0f34/video-gaming-report-2026-nov-2025-edit-02.pdf,"How Platforms Are Colliding and Why This Will Spark the Next Era of Growth",Boston Consulting Group,2026,2026-05-31,High,supports,"Useful broad monetization benchmark; not direct Alina TAM."
CLM-MKT-0002,"BCG's 2026 gaming report shows mobile game IAP market breakdown with USD 166B in 2030.",H2,mobile gaming,gaming,market_size,166000000000,USD,global,2030,SRC-MKT-0002,https://web-assets.bcg.com/b3/fa/fd7443244a48a24fae8299ce0f34/video-gaming-report-2026-nov-2025-edit-02.pdf,"How Platforms Are Colliding and Why This Will Spark the Next Era of Growth",Boston Consulting Group,2026,2026-05-31,High,supports,"Useful for market momentum and platform/payment-channel shift."
CLM-MKT-0003,"Stratistics MRC states the global Meditation & Mindfulness Apps Market is USD 1.68B in 2026.",H2,meditation and mindfulness apps,mindfulness,market_size,1680000000,USD,global,2026,SRC-MKT-0003,https://www.strategymrc.com/report/meditation-and-mindfulness-apps-market,"Meditation And Mindfulness Apps Market",Stratistics MRC,2026,2026-05-31,Medium,supports,"Direct category anchor; methodology is behind paid report."
CLM-MKT-0004,"Stratistics MRC states the global Meditation & Mindfulness Apps Market is expected to reach USD 4.62B by 2034 at 13.4% CAGR.",H2,meditation and mindfulness apps,mindfulness,market_size,4620000000,USD,global,2034,SRC-MKT-0003,https://www.strategymrc.com/report/meditation-and-mindfulness-apps-market,"Meditation And Mindfulness Apps Market",Stratistics MRC,2026,2026-05-31,Medium,supports,"Direct category anchor; useful for growth assumption."
CLM-MKT-0005,"Global Market Insights states the AI avatars market is USD 8.4B in 2026.",H2,AI avatars,avatar_identity,market_size,8400000000,USD,global,2026,SRC-MKT-0004,https://www.gminsights.com/industry-analysis/ai-avatars-market,"AI Avatars Market Size & Share 2026-2035",Global Market Insights,2026,2026-05-31,Medium,supports,"Broad market; includes enterprise and consumer use cases."
CLM-MKT-0006,"Global Market Insights forecasts the AI avatars market to reach USD 93.4B by 2035 at 30.6% CAGR.",H2,AI avatars,avatar_identity,market_size,93400000000,USD,global,2035,SRC-MKT-0004,https://www.gminsights.com/industry-analysis/ai-avatars-market,"AI Avatars Market Size & Share 2026-2035",Global Market Insights,2026,2026-05-31,Medium,supports,"Strong growth signal; consumer self-improvement segment must be estimated separately."
CLM-MKT-0007,"The 2026 ICF Coaching Futures Report states technology is transforming coaching delivery and AI is moving from tool to co-pilot shaping learning, work, and decisions.",H2,coaching,coaching,growth_rate,,,global,2026,SRC-MKT-0005,https://icfcoachingfuturesreport.com/wp-content/uploads/sites/2/2026/01/icf-coaching-futures-report-2026.pdf,"2026 ICF Coaching Futures Report",International Coaching Federation,2026,2026-05-31,High,supports,"Trend evidence, not market-size evidence."
CLM-MKT-0008,"The 2026 ICF Coaching Futures Report says online and virtual coaching are now dominant delivery formats, citing the 2025 ICF Global Coaching Study.",H2,coaching,coaching,product_pattern,,,global,2026,SRC-MKT-0005,https://icfcoachingfuturesreport.com/wp-content/uploads/sites/2/2026/01/icf-coaching-futures-report-2026.pdf,"2026 ICF Coaching Futures Report",International Coaching Federation,2026,2026-05-31,High,supports,"Supports digital delivery relevance; still needs consumer app TAM."
CLM-MKT-0009,"Econ Market Research states the global Astrology App Market generated USD 16.07B in 2026 and is forecast to reach USD 27.15B by 2035 at 6% CAGR.",H2,astrology apps,astrology_esoterics,market_size,16070000000,USD,global,2026,SRC-MKT-0007,https://www.econmarketresearch.com/industry-report/astrology-app-market/,"Astrology App Market",Econ Market Research,2026,2026-05-31,Low,supports,"High estimate anchor; triangulate before relying on it."
CLM-MKT-0010,"Global Growth Insights states the Astrology App Market is projected at USD 6.24B in 2026.",H2,astrology apps,astrology_esoterics,market_size,6240000000,USD,global,2026,SRC-MKT-0008,https://www.globalgrowthinsights.com/market-reports/astrology-app-market-114903,"Astrology App Market Research Report 2035",Global Growth Insights,2026,2026-05-31,Low,supports,"Mid estimate anchor with aggressive long-term CAGR."
CLM-MKT-0011,"Research and Markets public summary states the astrology app market will grow from USD 4.73B in 2025 to USD 5.69B in 2026 at 20.2% CAGR.",H2,astrology apps,astrology_esoterics,market_size,5690000000,USD,global,2026,SRC-MKT-0009,https://www.researchandmarkets.com/reports/6090017/astrology-app-market-report,"Astrology App Market Report 2026",Research and Markets,2026,2026-05-31,Medium,supports,"Low/base astrology direct TAM anchor."
CLM-MKT-0012,"Future Market Insights states the coaching platform market is USD 4.22B in 2026 and projected to reach USD 12.01B by 2036 at 11.0% CAGR.",H2,coaching platforms,coaching,market_size,4220000000,USD,global,2026,SRC-MKT-0011,https://www.futuremarketinsights.com/reports/coaching-platform-market,"Coaching Platform Market",Future Market Insights,2026,2026-05-31,Medium,supports,"Digital coaching benchmark; enterprise-heavy."
CLM-MKT-0013,"Persistence Market Research states the global coaching platform market is likely USD 5.0B in 2026 and expected to reach USD 12.8B by 2033 at 14.4% CAGR.",H2,coaching platforms,coaching,market_size,5000000000,USD,global,2026,SRC-MKT-0012,https://www.persistencemarketresearch.com/market-research/coaching-platform-market.asp,"Coaching Platform Market Size Share and Growth Forecast",Persistence Market Research,2026,2026-05-31,Medium,supports,"Coaching platform cross-check."
CLM-MKT-0014,"Research and Markets via GlobeNewswire states the AI career coach market is projected to reach USD 6.69B in 2026, up from USD 5.48B in 2025 at 22.3% CAGR.",H2,AI career coach,coaching,market_size,6690000000,USD,global,2026,SRC-MKT-0010,https://www.globenewswire.com/news-release/2026/04/27/3281439/0/en/ai-career-coach-global-market-report-2026-revenue-expected-to-reach-6-69b-in-2026-ai-driven-learning-fuels-exponential-growth.html,"AI Career Coach Global Market Report 2026",Research and Markets via GlobeNewswire,2026,2026-05-31,Medium,supports,"AI coaching adjacent benchmark; not direct Alina TAM."
