sprint_rank,command_id,execution_block_ru,target,linked_hypotheses,timebox_ru,source_capture_file,rows_to_update_count,linked_capture_ids,linked_capture_status_mix,card_file,source_url,first_operator_prompt_ru,minimum_evidence_ru,pass_signal_ru,downgrade_signal_ru,intake_gap_ru,claim_boundary_ru,operator_action_ru,output_file_to_update,downstream_reference_file
"1","P0_MANUAL_01","Сначала hidden-clone walkthrough","Shepherd: Spiritual Bible BFF","H1|H3","25-35 min","data_processed/manual_walkthrough_capture_sheet.csv","5","MCI_01_MCI_S01|MCI_01_MCI_S02|MCI_01_MCI_S03|MCI_01_MCI_S04|MCI_01_MCI_S05","public_listing_signoff_completed_not_app_walkthrough:1|not_started:4","output/validation/next_p0_sprint/01__P0_MANUAL_01__shepherd-spiritual-bible-bff.md","https://apps.apple.com/us/app/shepherd-spiritual-bible-bff/id6745461941?uo=4","What promise, audience, and daily loop does the public listing imply? || Does onboarding show one coherent loop or separate feature shelves? || Is there a concrete action that can be completed in under two minutes?","app_store_listing_or_public_positioning|onboarding_first_value_screen|first_daily_action_or_task_screen|progress_avatar_identity_feedback_screen|first_paywall_or_iap_terms_screen","evidence supports close substitute/directness classification and clarifies whether action->identity/avatar causality exists","metadata claim is not visible, flow is unrelated, or app is only decorative/generic without daily transformation loop","есть незаполненные app/onboarding walkthrough слоты","intake routing не является observed evidence и не апгрейдит H1-H6 без заполненных capture rows","открыть listing/app, сохранить 5 слотов скриншотов, записать full-loop/directness/causality verdict","data_processed/manual_walkthrough_capture_sheet.csv","data_processed/manual_competitor_inspection_packet.csv"
"2","P0_MANUAL_02","Сначала hidden-clone walkthrough","Zing AI: Home & Gym Workouts","H1|H3","25-35 min","data_processed/manual_walkthrough_capture_sheet.csv","5","MCI_02_MCI_S01|MCI_02_MCI_S02|MCI_02_MCI_S03|MCI_02_MCI_S04|MCI_02_MCI_S05","public_listing_signoff_completed_not_app_walkthrough:1|not_started:4","output/validation/next_p0_sprint/02__P0_MANUAL_02__zing-ai-home-gym-workouts.md","https://apps.apple.com/us/app/zing-ai-home-gym-workouts/id1552207792?uo=4","What promise, audience, and daily loop does the public listing imply? || Does onboarding show one coherent loop or separate feature shelves? || Is there a concrete action that can be completed in under two minutes?","app_store_listing_or_public_positioning|onboarding_first_value_screen|first_daily_action_or_task_screen|progress_avatar_identity_feedback_screen|first_paywall_or_iap_terms_screen","evidence supports close substitute/directness classification and clarifies whether action->identity/avatar causality exists","metadata claim is not visible, flow is unrelated, or app is only decorative/generic without daily transformation loop","есть незаполненные app/onboarding walkthrough слоты","intake routing не является observed evidence и не апгрейдит H1-H6 без заполненных capture rows","открыть listing/app, сохранить 5 слотов скриншотов, записать full-loop/directness/causality verdict","data_processed/manual_walkthrough_capture_sheet.csv","data_processed/manual_competitor_inspection_packet.csv"
"3","P0_MANUAL_03","Сначала hidden-clone walkthrough","Miracle Morning Routine","H1|H3","25-35 min","data_processed/manual_walkthrough_capture_sheet.csv","5","MCI_03_MCI_S01|MCI_03_MCI_S02|MCI_03_MCI_S03|MCI_03_MCI_S04|MCI_03_MCI_S05","public_listing_signoff_completed_not_app_walkthrough:1|not_started:4","output/validation/next_p0_sprint/03__P0_MANUAL_03__miracle-morning-routine.md","https://apps.apple.com/us/app/miracle-morning-routine/id1581511740?uo=4","What promise, audience, and daily loop does the public listing imply? || Does onboarding show one coherent loop or separate feature shelves? || Is there a concrete action that can be completed in under two minutes?","app_store_listing_or_public_positioning|onboarding_first_value_screen|first_daily_action_or_task_screen|progress_avatar_identity_feedback_screen|first_paywall_or_iap_terms_screen","evidence supports close substitute/directness classification and clarifies whether action->identity/avatar causality exists","metadata claim is not visible, flow is unrelated, or app is only decorative/generic without daily transformation loop","есть незаполненные app/onboarding walkthrough слоты","intake routing не является observed evidence и не апгрейдит H1-H6 без заполненных capture rows","открыть listing/app, сохранить 5 слотов скриншотов, записать full-loop/directness/causality verdict","data_processed/manual_walkthrough_capture_sheet.csv","data_processed/manual_competitor_inspection_packet.csv"
"4","P0_MANUAL_04","Сначала hidden-clone walkthrough","EVOLVE: Transform Your Life","H1|H3","25-35 min","data_processed/manual_walkthrough_capture_sheet.csv","5","MCI_04_MCI_S01|MCI_04_MCI_S02|MCI_04_MCI_S03|MCI_04_MCI_S04|MCI_04_MCI_S05","public_listing_signoff_completed_not_app_walkthrough:1|not_started:4","output/validation/next_p0_sprint/04__P0_MANUAL_04__evolve-transform-your-life.md","https://apps.apple.com/us/app/evolve-transform-your-life/id6754897547?uo=4","What promise, audience, and daily loop does the public listing imply? || Does onboarding show one coherent loop or separate feature shelves? || Is there a concrete action that can be completed in under two minutes?","app_store_listing_or_public_positioning|onboarding_first_value_screen|first_daily_action_or_task_screen|progress_avatar_identity_feedback_screen|first_paywall_or_iap_terms_screen","evidence supports close substitute/directness classification and clarifies whether action->identity/avatar causality exists","metadata claim is not visible, flow is unrelated, or app is only decorative/generic without daily transformation loop","есть незаполненные app/onboarding walkthrough слоты","intake routing не является observed evidence и не апгрейдит H1-H6 без заполненных capture rows","открыть listing/app, сохранить 5 слотов скриншотов, записать full-loop/directness/causality verdict","data_processed/manual_walkthrough_capture_sheet.csv","data_processed/manual_competitor_inspection_packet.csv"
"5","P0_MANUAL_05","Сначала hidden-clone walkthrough","Daily Yoga: Yoga for Fitness®","H1|H3","25-35 min","data_processed/manual_walkthrough_capture_sheet.csv","5","MCI_05_MCI_S01|MCI_05_MCI_S02|MCI_05_MCI_S03|MCI_05_MCI_S04|MCI_05_MCI_S05","public_listing_signoff_completed_not_app_walkthrough:1|not_started:4","output/validation/next_p0_sprint/05__P0_MANUAL_05__daily-yoga-yoga-for-fitness.md","https://apps.apple.com/us/app/daily-yoga-yoga-for-fitness/id545849922?uo=4","What promise, audience, and daily loop does the public listing imply? || Does onboarding show one coherent loop or separate feature shelves? || Is there a concrete action that can be completed in under two minutes?","app_store_listing_or_public_positioning|onboarding_first_value_screen|first_daily_action_or_task_screen|progress_avatar_identity_feedback_screen|first_paywall_or_iap_terms_screen","evidence supports close substitute/directness classification and clarifies whether action->identity/avatar causality exists","metadata claim is not visible, flow is unrelated, or app is only decorative/generic without daily transformation loop","есть незаполненные app/onboarding walkthrough слоты","intake routing не является observed evidence и не апгрейдит H1-H6 без заполненных capture rows","открыть listing/app, сохранить 5 слотов скриншотов, записать full-loop/directness/causality verdict","data_processed/manual_walkthrough_capture_sheet.csv","data_processed/manual_competitor_inspection_packet.csv"
"6","P0_PAYWALL_02","Потом paid-flow/WTP evidence","Character AI: Chat, Talk, Text","H2","10-15 min","data_processed/paid_flow_capture_sheet.csv","4","PF_01_PF_S01|PF_01_PF_S02|PF_01_PF_S03|PF_01_PF_S04","local_visual_signoff_completed:4","output/validation/next_p0_sprint/06__P0_PAYWALL_02__character-ai-chat-talk-text.md","https://character.ai/subscribe","Capture visible price, trial, subscription term, or IAP list. || Capture whether the paywall appears before or after first meaningful loop value. || Capture what paid tier unlocks and whether it matches Alina paid-depth logic.","public pricing screenshot|app/product match|trial length|monthly price|annual price|first meaningful paywall boundary|human signoff note","Human review confirms product-matched pricing/paywall evidence or records a conservative partial label.","Signal is parent-company only, unrelated, login-gated, OCR artifact, or not useful for Alina market-money claims.","есть local/public signoff; остается проверить first-value boundary и WTP","intake routing не является observed evidence и не апгрейдит H1-H6 без заполненных capture rows","проверить screenshot/source, подтвердить цену, trial, product-match и границу первого paywall","data_processed/paid_flow_capture_sheet.csv","data_processed/web_paywall_visual_adjudication.csv"
"7","P0_PAYWALL_03","Потом paid-flow/WTP evidence","Headspace: Sleep & Meditate","H2","10-15 min","data_processed/paid_flow_capture_sheet.csv","4","PF_11_PF_S01|PF_11_PF_S02|PF_11_PF_S03|PF_11_PF_S04","not_started:4","output/validation/next_p0_sprint/07__P0_PAYWALL_03__headspace-sleep-meditate.md","https://www.headspace.com/","Capture visible price, trial, subscription term, or IAP list. || Capture whether the paywall appears before or after first meaningful loop value. || Capture what paid tier unlocks and whether it matches Alina paid-depth logic.","public pricing screenshot|app/product match|trial length|monthly price|annual price|first meaningful paywall boundary|human signoff note","Human review confirms product-matched pricing/paywall evidence or records a conservative partial label.","Signal is parent-company only, unrelated, login-gated, OCR artifact, or not useful for Alina market-money claims.","paid-flow rows еще не заполнены человеком","intake routing не является observed evidence и не апгрейдит H1-H6 без заполненных capture rows","проверить screenshot/source, подтвердить цену, trial, product-match и границу первого paywall","data_processed/paid_flow_capture_sheet.csv","data_processed/web_paywall_visual_adjudication.csv"
"8","P0_PAYWALL_04","Потом paid-flow/WTP evidence","Meditopia: Sleep & Meditation","H2","10-15 min","data_processed/paid_flow_capture_sheet.csv","4","PF_02_PF_S01|PF_02_PF_S02|PF_02_PF_S03|PF_02_PF_S04","local_visual_signoff_completed:4","output/validation/next_p0_sprint/08__P0_PAYWALL_04__meditopia-sleep-meditation.md","https://meditopia.com/en/plans","Capture visible price, trial, subscription term, or IAP list. || Capture whether the paywall appears before or after first meaningful loop value. || Capture what paid tier unlocks and whether it matches Alina paid-depth logic.","public pricing screenshot|app/product match|trial length|monthly price|annual price|first meaningful paywall boundary|human signoff note","Human review confirms product-matched pricing/paywall evidence or records a conservative partial label.","Signal is parent-company only, unrelated, login-gated, OCR artifact, or not useful for Alina market-money claims.","есть local/public signoff; остается проверить first-value boundary и WTP","intake routing не является observed evidence и не апгрейдит H1-H6 без заполненных capture rows","проверить screenshot/source, подтвердить цену, trial, product-match и границу первого paywall","data_processed/paid_flow_capture_sheet.csv","data_processed/web_paywall_visual_adjudication.csv"
"9","P0_PAYWALL_05","Потом paid-flow/WTP evidence","Nebula: Spiritual Guidance","H2","10-15 min","data_processed/paid_flow_capture_sheet.csv","4","PF_12_PF_S01|PF_12_PF_S02|PF_12_PF_S03|PF_12_PF_S04","not_started:4","output/validation/next_p0_sprint/09__P0_PAYWALL_05__nebula-spiritual-guidance.md","https://www.asknebula.com/","Capture visible price, trial, subscription term, or IAP list. || Capture whether the paywall appears before or after first meaningful loop value. || Capture what paid tier unlocks and whether it matches Alina paid-depth logic.","public pricing screenshot|app/product match|trial length|monthly price|annual price|first meaningful paywall boundary|human signoff note","Human review confirms product-matched pricing/paywall evidence or records a conservative partial label.","Signal is parent-company only, unrelated, login-gated, OCR artifact, or not useful for Alina market-money claims.","paid-flow rows еще не заполнены человеком","intake routing не является observed evidence и не апгрейдит H1-H6 без заполненных capture rows","проверить screenshot/source, подтвердить цену, trial, product-match и границу первого paywall","data_processed/paid_flow_capture_sheet.csv","data_processed/web_paywall_visual_adjudication.csv"
"10","P0_PAYWALL_08","Потом paid-flow/WTP evidence","Carrom Pool: Disc Game","H2","10-15 min","data_processed/paid_flow_capture_sheet.csv","4","PF_03_PF_S01|PF_03_PF_S02|PF_03_PF_S03|PF_03_PF_S04","local_visual_signoff_completed:4","output/validation/next_p0_sprint/10__P0_PAYWALL_08__carrom-pool-disc-game.md","https://www.miniclip.com/pricing","Capture visible price, trial, subscription term, or IAP list. || Capture whether the paywall appears before or after first meaningful loop value. || Capture what paid tier unlocks and whether it matches Alina paid-depth logic.","public pricing screenshot|app/product match|trial length|monthly price|annual price|first meaningful paywall boundary|human signoff note","Human review confirms product-matched pricing/paywall evidence or records a conservative partial label.","Signal is parent-company only, unrelated, login-gated, OCR artifact, or not useful for Alina market-money claims.","есть local/public signoff; остается проверить first-value boundary и WTP","intake routing не является observed evidence и не апгрейдит H1-H6 без заполненных capture rows","проверить screenshot/source, подтвердить цену, trial, product-match и границу первого paywall","data_processed/paid_flow_capture_sheet.csv","data_processed/web_paywall_visual_adjudication.csv"
"11","P0_ICP_ICP_A_T01","Затем ICP recent behavior","Spiritual self-improvers / screener","H5|H6","20-30 min","data_processed/icp_interview_capture_sheet.csv","2","ICP_A_T01_P01|ICP_A_T01_P02","secondary_voc_signoff_completed_not_interview:1|not_started:1","output/validation/next_p0_sprint/11__P0_ICP_ICP_A_T01__spiritual-self-improvers-screener.md","","Ask: ""Which apps, rituals, games, journals, coaches, avatars, or guidance tools did you use in the last 30 days, and what triggered the last use?"" Match against: Uses astrology, tarot, manifestation, devotional, journaling, or guidance apps to make today feel meaningful. || Ask: ""Which apps, rituals, games, journals, coaches, avatars, or guidance tools did you use in the last 30 days, and what triggered the last use?"" Match against: Uses astrology, tarot, manifestation, devotional, journaling, or guidance apps to make today feel meaningful.","recent_behavior_match=yes/no","Participant names recent behavior without being led and describes a recurring trigger.","Participant only likes the idea abstractly or cannot name a recent behavior.","нужны реальные participant answers; secondary VOC не апгрейдит H5/H6","intake routing не является observed evidence и не апгрейдит H1-H6 без заполненных capture rows","спросить, какие приложения/ритуалы/дневники/коучи/avatar-tools участник использовал за 30 дней и что запустило последнее использование","data_processed/icp_interview_capture_sheet.csv","data_processed/icp_validation_test_plan.csv"
"12","P0_ICP_ICP_A_T02","Затем ICP recent behavior","Spiritual self-improvers / problem_interview","H5|H6","20-30 min","data_processed/icp_interview_capture_sheet.csv","2","ICP_A_T02_P01|ICP_A_T02_P02","secondary_voc_signoff_completed_not_interview:1|not_started:1","output/validation/next_p0_sprint/12__P0_ICP_ICP_A_T02__spiritual-self-improvers-problem-interview.md","","Ask for the last real moment when they needed this job: Turn symbolic/personal meaning into one grounded action today.. Capture exact language, workaround, emotional stakes, and what they tried instead. || Ask for the last real moment when they needed this job: Turn symbolic/personal meaning into one grounded action today.. Capture exact language, workaround, emotional stakes, and what they tried instead.","specific_episode + workaround + pain_intensity_1_5","Participant recalls a specific recent episode, existing workaround, and meaningful frustration or desire.","Problem is hypothetical, low-frequency, or solved well enough by current tools.","нужны реальные participant answers; secondary VOC не апгрейдит H5/H6","intake routing не является observed evidence и не апгрейдит H1-H6 без заполненных capture rows","разобрать последний реальный эпизод, current workaround, эмоциональную ставку и точный язык боли","data_processed/icp_interview_capture_sheet.csv","data_processed/icp_validation_test_plan.csv"
"13","P0_ICP_ICP_A_T03","Затем ICP recent behavior","Spiritual self-improvers / prototype_loop","H5|H6","20-30 min","data_processed/icp_interview_capture_sheet.csv","2","ICP_A_T03_P01|ICP_A_T03_P02","secondary_voc_signoff_completed_not_interview:1|not_started:1","output/validation/next_p0_sprint/13__P0_ICP_ICP_A_T03__spiritual-self-improvers-prototype-loop.md","","Show a simple flow: personal meaning prompt -> one daily action -> short reset -> avatar/identity change -> tomorrow hook. Ask participant to narrate what they think is happening and complete one simulated loop. || Show a simple flow: personal meaning prompt -> one daily action -> short reset -> avatar/identity change -> tomorrow hook. Ask participant to narrate what they think is happening and complete one simulated loop.","comprehension=yes/no; meaning_lift_1_5; loop_completion","Participant understands causal action-to-progress link and says the feedback makes the action feel more meaningful.","Participant sees it as a generic habit tracker, vague reading, or manipulative gamification.","нужны реальные participant answers; secondary VOC не апгрейдит H5/H6","intake routing не является observed evidence и не апгрейдит H1-H6 без заполненных capture rows","показать простую петлю meaning -> action -> reset -> avatar/progress -> tomorrow hook и попросить участника narrate flow","data_processed/icp_interview_capture_sheet.csv","data_processed/icp_validation_test_plan.csv"
"14","P0_ICP_ICP_A_T04","Затем ICP recent behavior","Spiritual self-improvers / positioning_test","H5|H6","20-30 min","data_processed/icp_interview_capture_sheet.csv","2","ICP_A_T04_P01|ICP_A_T04_P02","secondary_voc_signoff_completed_not_interview:1|not_started:1","output/validation/next_p0_sprint/14__P0_ICP_ICP_A_T04__spiritual-self-improvers-positioning-test.md","","Compare three one-line concepts: current tool, generic habit/coach app, and Alina angle: ""Personal guidance that becomes action, not another vague reading."". Ask which they would try first and why. || Compare three one-line concepts: current tool, generic habit/coach app, and Alina angle: ""Personal guidance that becomes action, not another vague reading."". Ask which they would try first and why.","preferred_concept; differentiation_1_5","Alina angle wins or is clearly differentiated for the target job.","Generic alternative wins because Alina sounds vague, unsafe, childish, or redundant.","нужны реальные participant answers; secondary VOC не апгрейдит H5/H6","intake routing не является observed evidence и не апгрейдит H1-H6 без заполненных capture rows","сравнить current tool, generic habit/coach и Alina angle; записать, что участник выбрал бы первым и почему","data_processed/icp_interview_capture_sheet.csv","data_processed/icp_validation_test_plan.csv"
"15","P0_PROTO_ICP_A_S06_AVATAR_CHANGE","После этого prototype loop","Spiritual self-improvers / S06_AVATAR_CHANGE","H4|H6","10-15 min","data_processed/prototype_session_capture_sheet.csv","2","PVS_ICP_A_P01_S06_AVATAR_CHANGE|PVS_ICP_A_P02_S06_AVATAR_CHANGE","prototype_readiness_signoff_completed_not_user_session:1|not_started:1","output/validation/next_p0_sprint/15__P0_PROTO_ICP_A_S06_AVATAR_CHANGE__spiritual-self-improvers-s06-avatar-change.md","","Identity/avatar feedback || Identity/avatar feedback","completion_time_seconds|comprehension_yes_no|meaning_lift_1_5|differentiation_1_5|return_intent_1_5|verbatim_quote","Participant understands action -> identity/avatar causality.","Participant sees avatar as decoration, reward spam, or unrelated game skin.","нужна реальная prototype session; readiness signoff не апгрейдит H4/H6","intake routing не является observed evidence и не апгрейдит H1-H6 без заполненных capture rows","показать S01-S08 без объяснения, записать время, понимание, цитаты, trust objection и return intent","data_processed/prototype_session_capture_sheet.csv","data_processed/prototype_validation_scorecard.csv"
"16","P0_PROTO_ICP_D_S06_AVATAR_CHANGE","После этого prototype loop","Habit and progress users / S06_AVATAR_CHANGE","H4|H6","10-15 min","data_processed/prototype_session_capture_sheet.csv","2","PVS_ICP_D_P01_S06_AVATAR_CHANGE|PVS_ICP_D_P02_S06_AVATAR_CHANGE","prototype_readiness_signoff_completed_not_user_session:1|not_started:1","output/validation/next_p0_sprint/16__P0_PROTO_ICP_D_S06_AVATAR_CHANGE__habit-and-progress-users-s06-avatar-change.md","","Identity/avatar feedback || Identity/avatar feedback","completion_time_seconds|comprehension_yes_no|meaning_lift_1_5|differentiation_1_5|return_intent_1_5|verbatim_quote","Participant understands action -> identity/avatar causality.","Participant sees avatar as decoration, reward spam, or unrelated game skin.","нужна реальная prototype session; readiness signoff не апгрейдит H4/H6","intake routing не является observed evidence и не апгрейдит H1-H6 без заполненных capture rows","показать S01-S08 без объяснения, записать время, понимание, цитаты, trust objection и return intent","data_processed/prototype_session_capture_sheet.csv","data_processed/prototype_validation_scorecard.csv"
"17","P0_SCORE_PVS_M01","После этого prototype loop","comprehension","H4|H6","5-10 min after sessions","data_processed/prototype_validation_scorecard.csv","1","PVS_M01","metric_defined:1","output/validation/next_p0_sprint/17__P0_SCORE_PVS_M01__comprehension.md","","comprehension: success >=80% of prototype participants correctly explain personal meaning -> action -> avatar/progress causality; kill <50% can explain the causal loop without prompting","comprehension",">=80% of prototype participants correctly explain personal meaning -> action -> avatar/progress causality","<50% can explain the causal loop without prompting","считать только после prototype sessions, не до них","intake routing не является observed evidence и не апгрейдит H1-H6 без заполненных capture rows","после сессий посчитать observed value и gate status по этой метрике","data_processed/prototype_validation_scorecard.csv","data_processed/prototype_validation_scorecard.csv"
"18","P0_SCORE_PVS_M02","После этого prototype loop","two_minute_completion","H4|H6","5-10 min after sessions","data_processed/prototype_validation_scorecard.csv","1","PVS_M02","metric_defined:1","output/validation/next_p0_sprint/18__P0_SCORE_PVS_M02__two-minute-completion.md","","two_minute_completion: success >=70% complete simulated loop in under 120 seconds; kill <40% complete or flow feels too fragmented","two_minute_completion",">=70% complete simulated loop in under 120 seconds","<40% complete or flow feels too fragmented","считать только после prototype sessions, не до них","intake routing не является observed evidence и не апгрейдит H1-H6 без заполненных capture rows","после сессий посчитать observed value и gate status по этой метрике","data_processed/prototype_validation_scorecard.csv","data_processed/prototype_validation_scorecard.csv"
