summary_type,bucket,count
"niche","coaching","886"
"niche","mindfulness","773"
"niche","avatar_identity","620"
"niche","astrology_esoterics","30"
"niche","gaming_progression","30"
"subreddit","productivity","168"
"subreddit","selfimprovement","176"
"subreddit","getdisciplined","210"
"subreddit","NonZeroDay","171"
"subreddit","ADHD","161"
"subreddit","meditation","193"
"subreddit","Mindfulness","154"
"subreddit","Anxiety","163"
"subreddit","journaling","108"
"subreddit","sleep","155"
"subreddit","CharacterAI","126"
"subreddit","Replika","156"
"subreddit","aiArt","134"
"subreddit","StableDiffusion","150"
"subreddit","VirtualYoutubers","54"
"subreddit","astrology","6"
"subreddit","tarot","6"
"subreddit","witchcraft","6"
"subreddit","lawofattraction","6"
"subreddit","manifestation","6"
"subreddit","gamification","6"
"subreddit","Habitica","6"
"subreddit","cozygamers","6"
"subreddit","incremental_games","6"
"subreddit","StopGaming","6"
"mention_type","pain_or_rejection","369"
"mention_type","alternative_request","258"
"mention_type","recommendation_request","612"
"mention_type","habit_accountability_need","342"
"mention_type","general_tool_discussion","117"
"mention_type","identity_companion_need","379"
"mention_type","reset_mindfulness_need","196"
"mention_type","unknown","66"
"collection_status","ok","940"
"collection_status","ok_thread_without_known_app_extract","1333"
"collection_status","empty_result","2"
"collection_status","http_429","64"