requirement_id,requirement,objective_source,status,evidence_strength,proof,evidence_files,remaining_gap,next_action
"REQ_01_MASTER_PLAN","Large plan and phased backlog are documented.","User requested a large plan and autonomous execution path.","proved_v1","strong","master_plan=true; roadmap_rows=16; execution_dashboard_rows=11; hypothesis_decision_rows=6; navigation_rows=38; p0_command_rows=75; p0_field_guide_sections=8; russian_fieldbook_rows=7; russian_validation_runway=5; validation_workspace_lanes=5; validation_batch01_rows=6; validation_batch02_rows=52; validation_batch03_rows=17; validation_batch_local_artifact_links=29; validation_rollup_rows=75; validation_tranche_rows=9; validation_briefing_rows=6","docs/research-expansion-master-plan.md;data_processed/research_navigation_index.csv;data_processed/validation_gap_roadmap.csv;data_processed/validation_execution_dashboard.csv;data_processed/hypothesis_decision_matrix.csv;data_processed/p0_validation_command_center.csv;data_processed/p0_validation_field_guide.csv;data_processed/russian_validation_fieldbook.csv;data_processed/russian_validation_runway.csv;data_processed/validation_evidence_workspace_index.csv;data_processed/validation_batch_01_index.csv;data_processed/validation_batch_02_index.csv;data_processed/validation_batch_03_index.csv;data_processed/validation_evidence_rollup.csv;data_processed/validation_tranche_planner.csv;data_processed/validation_tranche_briefing_index.csv;docs/decision/research-navigation-index-v1.md;docs/decision/validation-gap-roadmap-v1.md;docs/decision/validation-execution-dashboard-v1.md;docs/decision/hypothesis-decision-matrix-v1.md;docs/decision/p0-validation-command-center-v1.md;docs/decision/p0-validation-field-guide-v1.md;docs/decision/russian-validation-fieldbook-v1.md;docs/decision/russian-validation-runway-v1.md;docs/decision/validation-evidence-workspace-v1.md;docs/decision/validation-batch-01-v1.md;docs/decision/validation-batch-02-v1.md;docs/decision/validation-batch-03-v1.md;docs/decision/validation-evidence-rollup-v1.md;docs/decision/validation-tranche-planner-v1.md;docs/decision/validation-tranche-briefings-v1.md","Keep refreshing as validation results change.","Update after any manual validation/prototype result."
"REQ_02_COMPETITOR_UNIVERSE","Competitor/source universe is expanded across five markets toward the aspirational 30k-50k app/source target.","User requested 30k-50k applications/sources across app stores, forums, web apps, desktop apps, websites.","proved_raw_50k_and_dedup_30k_plus_dedup_50k_open","medium_high","dedup=12552; cross_source_raw=67525; cross_source_dedup=36694; source_scale_milestones=6; cross_source_summary_rows=15; coverage_cells=39; coverage_strong=11; coverage_medium=12; raw_core=17490; itch_rows=7047; steam_tag_rows=18569; steam_deep_tag_rows=6180; desktop_store_rows=15397; chrome_extension_rows=252; reddit_mention_rows=2339; reddit_mention_ok=940; reddit_mention_summary_rows=42; reddit_signal_rows=2339; reddit_signal_groups=9; reddit_known_signal_rows=940; reddit_app_summary_rows=1202; reddit_manual_queue_rows=1852; reddit_manual_p0=336; reddit_manual_p1=238; reddit_manual_capture_rows=574; reddit_manual_capture_p0=336; known_raw_total=67274; itch_ok=6973; steam_tag_ok=17954; steam_deep_tag_ok=6000; desktop_store_ok=15394; chrome_extension_ok=251; chrome_detail_ok=251; chrome_strong_adjacent=9; chrome_priority_mechanics=41; niches=5; source_kinds=4","data_raw/expanded/all_expanded_raw.csv;data_raw/expanded/all_expanded_dedup.csv;data_raw/expanded_itch_raw.csv;data_raw/expanded_steam_tags_raw.csv;data_raw/expanded_steam_deep_tags_raw.csv;data_raw/expanded_desktop_store_raw.csv;data_raw/expanded_chrome_extensions_raw.csv;data_raw/expanded_reddit_competitor_mentions_raw.csv;data_raw/chrome_extension_detail_raw.csv;data_processed/cross_source_universe_raw_index.csv;data_processed/cross_source_universe_raw_parts/part_*.csv;data_processed/cross_source_universe_dedup.csv;data_processed/cross_source_universe_summary.csv;data_processed/cross_source_coverage_matrix.csv;data_processed/source_scale_milestone.csv;data_processed/desktop_store_source_summary.csv;data_processed/reddit_competitor_mentions_summary.csv;data_processed/reddit_mention_signal_matrix.csv;data_processed/reddit_mention_app_summary.csv;data_processed/reddit_manual_reading_queue.csv;data_processed/reddit_manual_reading_prompt_bank.csv;data_processed/reddit_manual_reading_capture_sheet.csv;data_processed/chrome_extension_fit_matrix.csv;data_processed/chrome_extension_mechanic_battlecards.csv;data_processed/competitor_feature_matrix.csv;docs/competitive/cross-source-universe-v1.md;docs/competitive/cross-source-coverage-matrix-v1.md;docs/competitive/source-scale-milestone-v1.md;docs/competitive/expanded-source-map.md;docs/competitive/source-expansion-backlog-v1.md;docs/competitive/itch-source-expansion-v1.md;docs/competitive/steam-tag-expansion-v1.md;docs/competitive/steam-deep-tag-increment-v1.md;docs/competitive/desktop-store-expansion-v1.md;docs/competitive/chrome-webstore-source-expansion-v1.md;docs/audience/reddit-competitor-mentions-v1.md;docs/audience/reddit-mention-signal-matrix-v1.md;docs/audience/reddit-manual-reading-queue-v1.md;docs/audience/reddit-manual-reading-capture-sheet-v1.md;docs/competitive/chrome-extension-detail-enrichment-v1.md;docs/competitive/chrome-extension-mechanic-battlecards-v1.md","Raw 50k source scale is now met and the dedup 30k+/30k-40k working band is met; the remaining expansion gap is dedup 50k plus Product Hunt/AlternativeTo, B2B directories, company positioning pages, and additional source-native coverage.","Run next non-search-heavy collectors from source expansion backlog, prioritizing sources that return public HTML without Cloudflare/search-engine dependency."
"REQ_03_FIVE_MARKET_COVERAGE","Research covers five core markets: coaching, mindfulness, avatar/identity, astrology/esoterics, gaming/progression benchmark.","User framed five key directions / markets.","proved_v1","strong","expanded_markets=5; tam_rows=6; audience_rows=20492; russian_market_deep_dive_rows=5","data_raw/expanded/all_expanded_dedup.csv;data_processed/tam_sam_som_model.csv;data_processed/audience_signal_matrix.csv;data_processed/russian_market_deep_dives.csv;docs/market/russian-market-deep-dives-v1.md","Gaming should remain benchmark-only unless direct consumer overlap is validated.","Keep market-specific validation gates explicit."
"REQ_04_MARKET_MONEY","TAM/SAM/SOM methodology and market-money evidence are prepared.","User asked for complex market evaluation formulas and open research source gathering.","supported_with_triangulated_proxy_not_final","medium_high","tam_rows=6; source_confidence_rows=12; assumption_audit_rows=6; stress_scenarios=6; strong_paid_proxy_markets=4/5; market_money_triangulation_rows=6; russian_market_sizing_playbook_rows=6; russian_market_deep_dive_rows=5; russian_paid_flow_dossiers=10; paid_flow_capture_rows=40; paid_flow_local_signoff=28; h2_gate=28/40 completed, 8/12 success; market_money_triangulation_verdicts=4; strong_triangulated_markets=3; medium_triangulated_markets=1; competitor_revenue_proxy_rows=90; competitor_revenue_proxy_markets=5; strong_competitor_money_proxy=22; medium_plus_competitor_money_proxy=70; web_paywall_visual_rows=29; web_paywall_visual_confirmed=2; web_paywall_visual_partial=8","docs/market/market-sizing-methodology.md;data_processed/tam_sam_som_model.csv;data_processed/som_sensitivity_scenarios.csv;data_processed/market_source_confidence_review.csv;data_processed/market_sizing_assumption_audit.csv;data_processed/market_sizing_stress_test.csv;data_processed/market_monetization_proxy_matrix.csv;data_processed/market_money_triangulation.csv;data_processed/market_money_triangulation_summary.csv;data_processed/russian_market_sizing_playbook.csv;data_processed/russian_market_deep_dives.csv;data_processed/russian_paid_flow_dossiers.csv;data_processed/paid_flow_local_signoff.csv;data_processed/competitor_revenue_proxy_review.csv;data_processed/competitor_revenue_proxy_market_summary.csv;data_processed/web_paywall_visual_adjudication.csv;docs/market/tam-sam-som-model-v1.md;docs/market/market-sizing-stress-test-v1.md;docs/market/market-money-triangulation-v1.md;docs/market/russian-market-sizing-playbook-v1.md;docs/market/russian-market-deep-dives-v1.md;docs/market/russian-paid-flow-dossiers-v1.md;docs/market/paid-flow-local-signoff-v1.md;docs/market/competitor-revenue-proxy-review-v1.md;docs/competitive/web-paywall-visual-adjudication-v1.md","Market sizing is stress-tested and triangulated. Paid-flow signoff improved H2, but it is still below the validation threshold and actual competitor revenue estimates, paid intelligence, and in-app/WTP validation remain open.","Use stress-test risk rows to prioritize manual paid-flow inspection and willingness-to-pay prototype questions."
"REQ_05_WHITESPACE","Whitespace/competitor gap analysis exists and identifies whether a narrow opening is plausible.","User asked to prove a white spot among markets/apps and absence or weakness of existing solutions.","narrow_supported_public_listing_signed_off_walkthrough_open","medium","whitespace_rows=12552; high_ws=593; cross_source_saturation_markets=6; russian_whitespace_decision_map_rows=6; cross_source_primary_high_opportunity=0; cross_source_benchmark_markets=2; top100=100; behavior_tied=1; manual_inspection_targets=12; russian_competitor_battlecards=12; manual_inspection_rubric=6; public_listing_inspected=12; manual_public_listing_signoff=12; public_listing_visible_causality=1; public_listing_high_clone_risk=1; h1_gate=12/60 completed, 0/25 success; h3_gate=12/60 completed, 0/25 success; manual_walkthrough_capture_rows=60; manual_app_walkthrough_done=0","data_processed/whitespace_signal_matrix.csv;data_processed/cross_source_market_saturation_matrix.csv;data_processed/russian_whitespace_decision_map.csv;data_processed/top100_competitor_review_scorecard.csv;data_processed/manual_competitor_inspection_packet.csv;data_processed/russian_competitor_battlecards.csv;data_processed/manual_competitor_inspection_rubric.csv;data_processed/manual_walkthrough_capture_sheet.csv;data_processed/public_listing_inspection_results.csv;data_processed/public_listing_inspection_summary.csv;docs/intersections/whitespace-map-v2.md;docs/intersections/cross-source-saturation-whitespace-v1.md;docs/intersections/russian-whitespace-decision-map-v1.md;docs/competitive/top100-competitor-review-v1.md;docs/competitive/manual-competitor-inspection-packet-v1.md;docs/competitive/russian-competitor-battlecards-v1.md;docs/competitive/public-listing-inspection-v1.md;docs/decision/validation-capture-sheets-v1.md","Cross-source saturation now keeps gaming/progression as benchmark-only and finds no primary market opportunity strong enough to upgrade without manual walkthrough; app/onboarding screenshots are still required.","Use the public-listing risk reads to prioritize walkthrough screenshots for onboarding, first action, progress/avatar feedback, and paywall boundary."
"REQ_06_AUDIENCE_ICP","Audience, ICP, JTBD, pain, and shared segment hypotheses are prepared.","User asked for common audience, segments, customer profile, detailed matrices.","directionally_supported_secondary_voc_signed_off_interviews_open","medium","audience_rows=20492; community_referral_rows=294; community_referral_signals=6; reddit_signal_rows=2339; reddit_signal_groups=9; reddit_medium_plus_signals=940; reddit_app_summary_rows=1202; reddit_manual_queue_rows=1852; reddit_manual_p0=336; reddit_manual_p1=238; reddit_prompt_rows=9; reddit_manual_capture_rows=574; reddit_manual_capture_p0=336; reddit_manual_capture_completed=0; icp_segments=6; russian_icp_battlecards=6; russian_icp_interview_dossiers=6; russian_voc_objection_map=8; russian_field_session_kit=14; icp_validation_tests=36; icp_secondary_voc_signoff=12; h5_gate=12/96 completed, 0/30 success; icp_recruiting_bridge_rows=24; icp_recruiting_message_rows=24; icp_capture_rows=96","data_processed/audience_signal_matrix.csv;data_processed/community_referral_signal_rows.csv;data_processed/community_referral_summary.csv;data_processed/reddit_mention_signal_matrix.csv;data_processed/reddit_mention_app_summary.csv;data_processed/reddit_manual_reading_queue.csv;data_processed/reddit_manual_reading_prompt_bank.csv;data_processed/reddit_manual_reading_capture_sheet.csv;data_processed/icp_segment_matrix.csv;data_processed/russian_icp_battlecards.csv;data_processed/russian_icp_interview_dossiers.csv;data_processed/russian_voc_objection_map.csv;data_processed/russian_field_session_kit.csv;data_processed/icp_validation_test_plan.csv;data_processed/icp_recruiting_bridge.csv;data_processed/icp_recruiting_message_bank.csv;data_processed/icp_interview_capture_sheet.csv;docs/audience/community-referral-evidence-v1.md;docs/audience/reddit-mention-signal-matrix-v1.md;docs/audience/reddit-manual-reading-queue-v1.md;docs/audience/reddit-manual-reading-capture-sheet-v1.md;docs/audience/icp-segment-matrix-v1.md;docs/audience/russian-icp-battlecards-v1.md;docs/audience/russian-icp-interview-dossiers-v1.md;docs/audience/russian-voc-objection-map-v1.md;docs/audience/russian-field-session-kit-v1.md;docs/audience/icp-validation-packet-v1.md;docs/audience/icp-recruiting-bridge-v1.md;docs/decision/validation-capture-sheets-v1.md","Segments and recruiting assets are directional and need actual interviews/prototype/WTP validation.","Use the ICP recruiting bridge to recruit the top two segments, then run the validation packet and update capture sheets."
"REQ_07_COMPETITIVE_ADVANTAGE","Competitive advantage and product-core hypotheses are made explicit.","User asked to prove competitive advantage and move toward product ядро.","prototype_readiness_signed_off_user_sessions_open","medium","feature_rows=12552; primary_top100_apps=90; evidence_claims=22; prototype_segments=2; prototype_screens=8; prototype_flow_rows=16; prototype_readiness_signoff=16; h4_gate=16/80 completed, 0/32 success; h6_gate=16/80 completed, 0/32 success; russian_product_loop_cards=8; russian_prototype_session_dossiers=2; russian_voc_objection_map=8; russian_field_session_kit=14; prototype_scorecard_metrics=6; prototype_capture_rows=80","data_processed/product_core_evidence_matrix.csv;data_processed/prototype_validation_stimulus_flow.csv;data_processed/russian_product_loop_cards.csv;data_processed/russian_prototype_session_dossiers.csv;data_processed/russian_voc_objection_map.csv;data_processed/russian_field_session_kit.csv;data_processed/prototype_validation_scorecard.csv;data_processed/prototype_session_capture_sheet.csv;docs/product/product-core-evidence-v1.md;docs/product/prototype-validation-stimulus-v1.md;docs/product/russian-product-loop-cards-v1.md;docs/product/russian-prototype-session-dossiers-v1.md;docs/audience/russian-voc-objection-map-v1.md;docs/audience/russian-field-session-kit-v1.md;docs/strategy/value-proposition-v1.md;data_processed/evidence_claim_register.csv;docs/decision/validation-capture-sheets-v1.md","No completed user/prototype sessions prove the loop is understood/preferred.","Run prototype sessions with the top two ICP segments and record comprehension, meaning lift, differentiation, return intent, and paid-depth signals."
"REQ_08_REPORT_PDF","A large PDF/report artifact exists.","User ultimately wanted a huge PDF report.","global_russian_report_pdf_docx_done_not_validated_final","medium_high","global_report_md=true; global_report_pdf=true; global_report_docx=true; global_validation_rollup_rows=6; report_md=true; evidence_pdf=true; visual_pdf=true; polished_evidence_pack_pdf=true; polished_evidence_pack_doc=true; russian_narrative_report=true; russian_narrative_pdf=true; russian_narrative_map=true; russian_market_sizing_playbook_rows=6; russian_market_deep_dive_rows=5; russian_whitespace_decision_map_rows=6; russian_claim_appendix_rows=22; russian_source_provenance_rows=16; russian_competitor_battlecards=12; russian_icp_battlecards=6; russian_icp_interview_dossiers=6; russian_voc_objection_map=8; russian_field_session_kit=14; russian_product_loop_cards=8; russian_prototype_session_dossiers=2; russian_validation_gate_cards=6; russian_observed_evidence_ladder=6; russian_validation_runway=5","reports/alina-evidence-first-report-draft.md;reports/alina-russian-narrative-report-v1.md;data_processed/russian_narrative_evidence_map.csv;data_processed/russian_market_sizing_playbook.csv;data_processed/russian_market_deep_dives.csv;data_processed/russian_whitespace_decision_map.csv;data_processed/russian_claim_evidence_appendix.csv;data_processed/russian_source_provenance_index.csv;data_processed/russian_competitor_battlecards.csv;data_processed/russian_icp_battlecards.csv;data_processed/russian_icp_interview_dossiers.csv;data_processed/russian_voc_objection_map.csv;data_processed/russian_field_session_kit.csv;data_processed/russian_product_loop_cards.csv;data_processed/russian_prototype_session_dossiers.csv;data_processed/russian_validation_gate_cards.csv;data_processed/russian_observed_evidence_ladder.csv;data_processed/russian_validation_runway.csv;docs/decision/russian-narrative-evidence-map-v1.md;docs/market/russian-market-sizing-playbook-v1.md;docs/market/russian-market-deep-dives-v1.md;docs/intersections/russian-whitespace-decision-map-v1.md;docs/decision/russian-claim-evidence-appendix-v1.md;docs/decision/russian-source-provenance-index-v1.md;docs/competitive/russian-competitor-battlecards-v1.md;docs/audience/russian-icp-battlecards-v1.md;docs/audience/russian-icp-interview-dossiers-v1.md;docs/audience/russian-voc-objection-map-v1.md;docs/audience/russian-field-session-kit-v1.md;docs/product/russian-product-loop-cards-v1.md;docs/product/russian-prototype-session-dossiers-v1.md;docs/decision/russian-validation-gate-cards-v1.md;docs/decision/russian-observed-evidence-ladder-v1.md;docs/decision/russian-validation-runway-v1.md;output/pdf/alina-evidence-first-report-draft.pdf;output/pdf/alina-evidence-visual-report-v1.pdf;output/pdf/alina-polished-evidence-pack-v1.pdf;output/pdf/alina-russian-narrative-report-v1.pdf;docs/decision/polished-evidence-pack-v1.md","Global Russian Markdown/PDF/DOCX report exists and includes validation rollup, but it is not final validated investor/user-facing proof because all six validation gates still remain hold_validate.","After manual inspection and prototype sessions, update the pack with validated screenshots, scorecards, and final claim statuses."
"REQ_09_VERSIONING_PROVENANCE","Research is saved locally, traceable, committed, and pushed to GitHub.","User asked to save data locally, commit, and push so work is not lost.","proved_active","high","manifest_rows=489; missing_manifest=0; russian_source_provenance_rows=16; git_versioned=active","data_processed/evidence_artifact_manifest.csv;data_processed/russian_source_provenance_index.csv;docs/decision/evidence-package-manifest-v1.md;docs/decision/russian-source-provenance-index-v1.md;git log","Manifest must be regenerated after future evidence changes.","Regenerate manifest and commit after each major layer."
"REQ_10_VALIDATION_GATES","Remaining validation gates are explicit and prioritized.","User wanted critical thinking and continued work when information is missing.","all_gates_started_none_passed_validation_open","strong","roadmap_rows=16; p0=4; p1=12; execution_tasks=11; execution_p0=8; execution_p1=3; navigation_rows=38; p0_command_rows=75; p0_command_blockers=6; p0_command_p0=52; p0_field_guide_sections=8; russian_fieldbook_rows=7; russian_validation_gate_cards=6; russian_p0_execution_packet=6; russian_observed_evidence_ladder=6; russian_validation_runway=5; russian_field_session_kit=14; russian_p0_walkthrough_dossiers=12; russian_paid_flow_dossiers=10; paid_flow_local_signoff=28; manual_public_listing_signoff=12; icp_secondary_voc_signoff=12; prototype_readiness_signoff=16; russian_icp_interview_dossiers=6; validation_tranche_rows=9; validation_briefing_rows=6; validation_workspace_lanes=5; validation_batch01_rows=6; validation_batch02_rows=52; validation_batch03_rows=17; validation_rollup_rows=75; global_validation_rollup_rows=6; validation_rollup_missing=0; validation_gate_rows=6; validation_gate_status_rows=1; validation_gates_started=6; validation_gates_passed=0; validation_gates_not_started=0; validation_gates_hold=6; validation_required_rows=416; validation_started_rows=96; validation_completed_rows=96; validation_success_rows=8; validation_success_threshold_rows=156; validation_gate_rollup=H1:12/60 done, 0/25 success | H3:12/60 done, 0/25 success | H2:28/40 done, 8/12 success | H5:12/96 done, 0/30 success | H4:16/80 done, 0/32 success | H6:16/80 done, 0/32 success; validation_batch_local_artifact_links=29; hypothesis_decision_rows=6; hypothesis_hold=6; hypothesis_go=0; hypothesis_stop=0; capture_rows=850; manual_capture_rows=60; paid_capture_rows=40; icp_capture_rows=96; prototype_capture_rows=80; reddit_manual_capture_rows=574; human_confirmed=0; manual_inspection_targets=12; public_listing_inspected=12; manual_app_walkthrough_done=0","data_processed/research_navigation_index.csv;data_processed/validation_gap_roadmap.csv;data_processed/validation_execution_dashboard.csv;data_processed/hypothesis_decision_matrix.csv;data_processed/p0_validation_command_center.csv;data_processed/p0_validation_field_guide.csv;data_processed/russian_validation_fieldbook.csv;data_processed/russian_validation_gate_cards.csv;data_processed/russian_p0_execution_packet.csv;data_processed/russian_observed_evidence_ladder.csv;data_processed/russian_validation_runway.csv;data_processed/russian_field_session_kit.csv;data_processed/russian_p0_walkthrough_dossiers.csv;data_processed/russian_paid_flow_dossiers.csv;data_processed/russian_icp_interview_dossiers.csv;data_processed/validation_tranche_planner.csv;data_processed/validation_tranche_briefing_index.csv;data_processed/validation_evidence_workspace_index.csv;data_processed/validation_batch_01_index.csv;data_processed/validation_batch_02_index.csv;data_processed/validation_batch_03_index.csv;data_processed/validation_evidence_rollup.csv;data_processed/validation_gate_calculator.csv;data_processed/validation_gate_status_summary.csv;data_processed/manual_walkthrough_capture_sheet.csv;data_processed/paid_flow_capture_sheet.csv;data_processed/icp_interview_capture_sheet.csv;data_processed/prototype_session_capture_sheet.csv;data_processed/reddit_manual_reading_capture_sheet.csv;docs/decision/research-navigation-index-v1.md;docs/decision/validation-gap-roadmap-v1.md;docs/decision/validation-execution-dashboard-v1.md;docs/decision/hypothesis-decision-matrix-v1.md;docs/decision/p0-validation-command-center-v1.md;docs/decision/p0-validation-field-guide-v1.md;docs/decision/russian-validation-fieldbook-v1.md;docs/decision/russian-validation-gate-cards-v1.md;docs/decision/russian-p0-execution-packet-v1.md;docs/decision/russian-observed-evidence-ladder-v1.md;docs/decision/russian-validation-runway-v1.md;docs/audience/russian-field-session-kit-v1.md;docs/competitive/russian-p0-walkthrough-dossiers-v1.md;docs/market/russian-paid-flow-dossiers-v1.md;docs/audience/russian-icp-interview-dossiers-v1.md;docs/decision/validation-tranche-planner-v1.md;docs/decision/validation-tranche-briefings-v1.md;docs/decision/validation-evidence-workspace-v1.md;docs/decision/validation-batch-01-v1.md;docs/decision/validation-batch-02-v1.md;docs/decision/validation-batch-03-v1.md;docs/decision/validation-evidence-rollup-v1.md;docs/decision/validation-gate-calculator-v1.md;docs/decision/validation-capture-sheets-v1.md;docs/audience/reddit-manual-reading-capture-sheet-v1.md;data_processed/top100_human_validation_queue.csv;data_processed/manual_competitor_inspection_packet.csv;data_processed/public_listing_inspection_results.csv;docs/competitive/manual-competitor-inspection-packet-v1.md;docs/competitive/public-listing-inspection-v1.md","All six gates are now started, but none is pass-ready: partial/readiness/signoff evidence is present, while app walkthrough, ICP interview, prototype session, and WTP proof remain below threshold.","Execute P0 rows in the validation execution dashboard, then update source CSVs and final verdicts."