nav_id,nav_type,label,title,status,confidence,navigation_tier,lane,linked_hypothesis,linked_gate,gate_status,progress,decision_effect,linked_tranche,briefing_path,primary_file,evidence_files,next_action,boundary
"NAV_REQ_001","requirement","REQ_01_MASTER_PLAN","Large plan and phased backlog are documented.","proved_v1","strong","reference_anchor","research_requirement","","","","","","","","docs/research-expansion-master-plan.md","docs/research-expansion-master-plan.md;data_processed/research_navigation_index.csv;data_processed/validation_gap_roadmap.csv;data_processed/validation_execution_dashboard.csv;data_processed/hypothesis_decision_matrix.csv;data_processed/p0_validation_command_center.csv;data_processed/p0_validation_field_guide.csv;data_processed/russian_validation_fieldbook.csv;data_processed/russian_validation_runway.csv;data_processed/validation_evidence_workspace_index.csv;data_processed/validation_batch_01_index.csv;data_processed/validation_batch_02_index.csv;data_processed/validation_batch_03_index.csv;data_processed/validation_evidence_rollup.csv;data_processed/validation_tranche_planner.csv;data_processed/validation_tranche_briefing_index.csv;docs/decision/research-navigation-index-v1.md;docs/decision/validation-gap-roadmap-v1.md;docs/decision/validation-execution-dashboard-v1.md;docs/decision/hypothesis-decision-matrix-v1.md;docs/decision/p0-validation-command-center-v1.md;docs/decision/p0-validation-field-guide-v1.md;docs/decision/russian-validation-fieldbook-v1.md;docs/decision/russian-validation-runway-v1.md;docs/decision/validation-evidence-workspace-v1.md;docs/decision/validation-batch-01-v1.md;docs/decision/validation-batch-02-v1.md;docs/decision/validation-batch-03-v1.md;docs/decision/validation-evidence-rollup-v1.md;docs/decision/validation-tranche-planner-v1.md;docs/decision/validation-tranche-briefings-v1.md","Update after any manual validation/prototype result.","Keep refreshing as validation results change."
"NAV_REQ_002","requirement","REQ_02_COMPETITOR_UNIVERSE","Competitor/source universe is expanded across five markets toward the aspirational 30k-50k app/source target.","proved_raw_50k_and_dedup_30k_plus_dedup_50k_open","medium_high","reference_anchor","research_requirement","","","","","","","","data_raw/expanded/all_expanded_raw.csv","data_raw/expanded/all_expanded_raw.csv;data_raw/expanded/all_expanded_dedup.csv;data_raw/expanded_itch_raw.csv;data_raw/expanded_steam_tags_raw.csv;data_raw/expanded_steam_deep_tags_raw.csv;data_raw/expanded_desktop_store_raw.csv;data_raw/expanded_chrome_extensions_raw.csv;data_raw/company_positioning_raw.csv;data_processed/company_positioning_matrix.csv;data_raw/expanded_reddit_competitor_mentions_raw.csv;data_raw/chrome_extension_detail_raw.csv;data_processed/cross_source_universe_raw_index.csv;data_processed/cross_source_universe_raw_parts/part_*.csv;data_processed/cross_source_universe_dedup.csv;data_processed/cross_source_universe_summary.csv;data_processed/cross_source_coverage_matrix.csv;data_processed/source_scale_milestone.csv;data_processed/desktop_store_source_summary.csv;data_processed/reddit_competitor_mentions_summary.csv;data_processed/reddit_mention_signal_matrix.csv;data_processed/reddit_mention_app_summary.csv;data_processed/reddit_manual_reading_queue.csv;data_processed/reddit_manual_reading_prompt_bank.csv;data_processed/reddit_manual_reading_capture_sheet.csv;data_processed/chrome_extension_fit_matrix.csv;data_processed/chrome_extension_mechanic_battlecards.csv;data_processed/competitor_feature_matrix.csv;docs/competitive/cross-source-universe-v1.md;docs/competitive/cross-source-coverage-matrix-v1.md;docs/competitive/source-scale-milestone-v1.md;docs/competitive/company-positioning-matrix-v1.md;docs/competitive/expanded-source-map.md;docs/competitive/source-expansion-backlog-v1.md;docs/competitive/itch-source-expansion-v1.md;docs/competitive/steam-tag-expansion-v1.md;docs/competitive/steam-deep-tag-increment-v1.md;docs/competitive/desktop-store-expansion-v1.md;docs/competitive/chrome-webstore-source-expansion-v1.md;docs/audience/reddit-competitor-mentions-v1.md;docs/audience/reddit-mention-signal-matrix-v1.md;docs/audience/reddit-manual-reading-queue-v1.md;docs/audience/reddit-manual-reading-capture-sheet-v1.md;docs/competitive/chrome-extension-detail-enrichment-v1.md;docs/competitive/chrome-extension-mechanic-battlecards-v1.md","Run next non-search-heavy collectors from source expansion backlog, prioritizing sources that return public HTML without Cloudflare/search-engine dependency.","Raw 50k source scale is now met and the dedup 30k+/30k-40k working band is met; the remaining expansion gap is dedup 50k plus Product Hunt/AlternativeTo, B2B directories, company positioning pages, and additional source-native coverage."
"NAV_REQ_003","requirement","REQ_03_FIVE_MARKET_COVERAGE","Research covers five core markets: coaching, mindfulness, avatar/identity, astrology/esoterics, gaming/progression benchmark.","proved_v1","strong","reference_anchor","research_requirement","","","","","","","","data_raw/expanded/all_expanded_dedup.csv","data_raw/expanded/all_expanded_dedup.csv;data_processed/tam_sam_som_model.csv;data_processed/audience_signal_matrix.csv;data_processed/russian_market_deep_dives.csv;docs/market/russian-market-deep-dives-v1.md","Keep market-specific validation gates explicit.","Gaming should remain benchmark-only unless direct consumer overlap is validated."
"NAV_REQ_004","requirement","REQ_04_MARKET_MONEY","TAM/SAM/SOM methodology and market-money evidence are prepared.","supported_with_triangulated_proxy_not_final","medium_high","needs_validation","research_requirement","","","","","","","","docs/market/market-sizing-methodology.md","docs/market/market-sizing-methodology.md;data_processed/tam_sam_som_model.csv;data_processed/som_sensitivity_scenarios.csv;data_processed/market_source_confidence_review.csv;data_processed/market_sizing_assumption_audit.csv;data_processed/market_sizing_stress_test.csv;data_processed/market_monetization_proxy_matrix.csv;data_processed/market_money_triangulation.csv;data_processed/market_money_triangulation_summary.csv;data_processed/russian_market_sizing_playbook.csv;data_processed/russian_market_deep_dives.csv;data_processed/russian_paid_flow_dossiers.csv;data_processed/paid_flow_local_signoff.csv;data_processed/competitor_revenue_proxy_review.csv;data_processed/competitor_revenue_proxy_market_summary.csv;data_processed/web_paywall_visual_adjudication.csv;data_processed/company_positioning_matrix.csv;docs/market/tam-sam-som-model-v1.md;docs/market/market-sizing-stress-test-v1.md;docs/market/market-money-triangulation-v1.md;docs/market/russian-market-sizing-playbook-v1.md;docs/market/russian-market-deep-dives-v1.md;docs/market/russian-paid-flow-dossiers-v1.md;docs/market/paid-flow-local-signoff-v1.md;docs/market/competitor-revenue-proxy-review-v1.md;docs/competitive/web-paywall-visual-adjudication-v1.md;docs/competitive/company-positioning-matrix-v1.md","Use stress-test risk rows to prioritize manual paid-flow inspection and willingness-to-pay prototype questions.","Market sizing is stress-tested and triangulated. Paid-flow signoff improved H2, but it is still below the validation threshold and actual competitor revenue estimates, paid intelligence, and in-app/WTP validation remain open."
"NAV_REQ_005","requirement","REQ_05_WHITESPACE","Whitespace/competitor gap analysis exists and identifies whether a narrow opening is plausible.","narrow_supported_public_listing_signed_off_walkthrough_open","medium","needs_validation","research_requirement","","","","","","","","data_processed/whitespace_signal_matrix.csv","data_processed/whitespace_signal_matrix.csv;data_processed/cross_source_market_saturation_matrix.csv;data_processed/russian_whitespace_decision_map.csv;data_processed/top100_competitor_review_scorecard.csv;data_processed/manual_competitor_inspection_packet.csv;data_processed/russian_competitor_battlecards.csv;data_processed/manual_competitor_inspection_rubric.csv;data_processed/manual_walkthrough_capture_sheet.csv;data_processed/public_listing_inspection_results.csv;data_processed/public_listing_inspection_summary.csv;docs/intersections/whitespace-map-v2.md;docs/intersections/cross-source-saturation-whitespace-v1.md;docs/intersections/russian-whitespace-decision-map-v1.md;docs/competitive/top100-competitor-review-v1.md;docs/competitive/manual-competitor-inspection-packet-v1.md;docs/competitive/russian-competitor-battlecards-v1.md;docs/competitive/public-listing-inspection-v1.md;docs/decision/validation-capture-sheets-v1.md","Use the public-listing risk reads to prioritize walkthrough screenshots for onboarding, first action, progress/avatar feedback, and paywall boundary.","Cross-source saturation now keeps gaming/progression as benchmark-only and finds no primary market opportunity strong enough to upgrade without manual walkthrough; app/onboarding screenshots are still required."
"NAV_REQ_006","requirement","REQ_06_AUDIENCE_ICP","Audience, ICP, JTBD, pain, and shared segment hypotheses are prepared.","directionally_supported_secondary_voc_signed_off_interviews_open","medium","needs_validation","research_requirement","","","","","","","","data_processed/audience_signal_matrix.csv","data_processed/audience_signal_matrix.csv;data_processed/community_referral_signal_rows.csv;data_processed/community_referral_summary.csv;data_processed/reddit_mention_signal_matrix.csv;data_processed/reddit_mention_app_summary.csv;data_processed/reddit_manual_reading_queue.csv;data_processed/reddit_manual_reading_prompt_bank.csv;data_processed/reddit_manual_reading_capture_sheet.csv;data_processed/icp_segment_matrix.csv;data_processed/russian_icp_battlecards.csv;data_processed/russian_icp_interview_dossiers.csv;data_processed/russian_voc_objection_map.csv;data_processed/russian_field_session_kit.csv;data_processed/icp_validation_test_plan.csv;data_processed/icp_recruiting_bridge.csv;data_processed/icp_recruiting_message_bank.csv;data_processed/icp_interview_capture_sheet.csv;docs/audience/community-referral-evidence-v1.md;docs/audience/reddit-mention-signal-matrix-v1.md;docs/audience/reddit-manual-reading-queue-v1.md;docs/audience/reddit-manual-reading-capture-sheet-v1.md;docs/audience/icp-segment-matrix-v1.md;docs/audience/russian-icp-battlecards-v1.md;docs/audience/russian-icp-interview-dossiers-v1.md;docs/audience/russian-voc-objection-map-v1.md;docs/audience/russian-field-session-kit-v1.md;docs/audience/icp-validation-packet-v1.md;docs/audience/icp-recruiting-bridge-v1.md;docs/decision/validation-capture-sheets-v1.md","Use the ICP recruiting bridge to recruit the top two segments, then run the validation packet and update capture sheets.","Segments and recruiting assets are directional and need actual interviews/prototype/WTP validation."
"NAV_REQ_007","requirement","REQ_07_COMPETITIVE_ADVANTAGE","Competitive advantage and product-core hypotheses are made explicit.","prototype_readiness_signed_off_user_sessions_open","medium","needs_validation","research_requirement","","","","","","","","data_processed/product_core_evidence_matrix.csv","data_processed/product_core_evidence_matrix.csv;data_processed/prototype_validation_stimulus_flow.csv;data_processed/russian_product_loop_cards.csv;data_processed/russian_prototype_session_dossiers.csv;data_processed/russian_voc_objection_map.csv;data_processed/russian_field_session_kit.csv;data_processed/prototype_validation_scorecard.csv;data_processed/prototype_session_capture_sheet.csv;docs/product/product-core-evidence-v1.md;docs/product/prototype-validation-stimulus-v1.md;docs/product/russian-product-loop-cards-v1.md;docs/product/russian-prototype-session-dossiers-v1.md;docs/audience/russian-voc-objection-map-v1.md;docs/audience/russian-field-session-kit-v1.md;docs/strategy/value-proposition-v1.md;data_processed/evidence_claim_register.csv;docs/decision/validation-capture-sheets-v1.md","Run prototype sessions with the top two ICP segments and record comprehension, meaning lift, differentiation, return intent, and paid-depth signals.","No completed user/prototype sessions prove the loop is understood/preferred."
"NAV_REQ_008","requirement","REQ_08_REPORT_PDF","A large PDF/report artifact exists.","global_russian_report_pdf_docx_done_not_validated_final","medium_high","needs_validation","research_requirement","","","","","","","","reports/alina-evidence-first-report-draft.md","reports/alina-evidence-first-report-draft.md;reports/alina-global-reader-report-v1.md;reports/alina-russian-steering-brief-v1.md;data_processed/russian_reader_glossary.csv;data_processed/russian_report_steering_brief.csv;docs/decision/russian-reader-glossary-v1.md;docs/decision/russian-report-steering-brief-v1.md;reports/alina-russian-narrative-report-v1.md;data_processed/russian_narrative_evidence_map.csv;data_processed/russian_market_sizing_playbook.csv;data_processed/russian_market_deep_dives.csv;data_processed/russian_whitespace_decision_map.csv;data_processed/russian_claim_evidence_appendix.csv;data_processed/russian_source_provenance_index.csv;data_processed/russian_competitor_battlecards.csv;data_processed/russian_icp_battlecards.csv;data_processed/russian_icp_interview_dossiers.csv;data_processed/russian_voc_objection_map.csv;data_processed/russian_field_session_kit.csv;data_processed/russian_product_loop_cards.csv;data_processed/russian_prototype_session_dossiers.csv;data_processed/russian_validation_gate_cards.csv;data_processed/russian_observed_evidence_ladder.csv;data_processed/russian_validation_runway.csv;docs/decision/russian-narrative-evidence-map-v1.md;docs/market/russian-market-sizing-playbook-v1.md;docs/market/russian-market-deep-dives-v1.md;docs/intersections/russian-whitespace-decision-map-v1.md;docs/decision/russian-claim-evidence-appendix-v1.md;docs/decision/russian-source-provenance-index-v1.md;docs/competitive/russian-competitor-battlecards-v1.md;docs/audience/russian-icp-battlecards-v1.md;docs/audience/russian-icp-interview-dossiers-v1.md;docs/audience/russian-voc-objection-map-v1.md;docs/audience/russian-field-session-kit-v1.md;docs/product/russian-product-loop-cards-v1.md;docs/product/russian-prototype-session-dossiers-v1.md;docs/decision/russian-validation-gate-cards-v1.md;docs/decision/russian-observed-evidence-ladder-v1.md;docs/decision/russian-validation-runway-v1.md;output/pdf/ALINA_RESEARCH_SEND_NOW_RU.pdf;output/pdf/alina-evidence-first-report-draft.pdf;output/pdf/alina-evidence-visual-report-v1.pdf;output/pdf/alina-polished-evidence-pack-v1.pdf;output/pdf/alina-russian-narrative-report-v1.pdf;output/pdf/alina-global-reader-report-v1.pdf;docs/decision/polished-evidence-pack-v1.md","After manual inspection and prototype sessions, update the pack with validated screenshots, scorecards, and final claim statuses.","Global Russian Markdown/PDF/DOCX report exists and includes validation rollup, but it is not final validated investor/user-facing proof because all six validation gates still remain hold_validate."
"NAV_REQ_009","requirement","REQ_09_VERSIONING_PROVENANCE","Research is saved locally, traceable, committed, and pushed to GitHub.","proved_active","high","reference_anchor","research_requirement","","","","","","","","data_processed/evidence_artifact_manifest.csv","data_processed/evidence_artifact_manifest.csv;data_processed/russian_source_provenance_index.csv;docs/decision/evidence-package-manifest-v1.md;docs/decision/russian-source-provenance-index-v1.md;git log","Regenerate manifest and commit after each major layer.","Manifest must be regenerated after future evidence changes."
"NAV_REQ_010","requirement","REQ_10_VALIDATION_GATES","Remaining validation gates are explicit and prioritized.","all_gates_started_none_passed_validation_open","strong","needs_validation","validation_operating_system","","","","","","","","data_processed/research_navigation_index.csv","data_processed/research_navigation_index.csv;data_processed/validation_gap_roadmap.csv;data_processed/validation_execution_dashboard.csv;data_processed/hypothesis_decision_matrix.csv;data_processed/p0_validation_command_center.csv;data_processed/p0_validation_field_guide.csv;data_processed/p0_observed_evidence_intake.csv;data_processed/next_p0_sprint_kit.csv;docs/decision/p0-observed-evidence-intake-v1.md;docs/decision/next-p0-sprint-kit-v1.md;data_processed/russian_validation_fieldbook.csv;data_processed/russian_validation_gate_cards.csv;data_processed/russian_p0_execution_packet.csv;data_processed/russian_observed_evidence_ladder.csv;data_processed/russian_validation_runway.csv;data_processed/russian_field_session_kit.csv;data_processed/russian_p0_walkthrough_dossiers.csv;data_processed/russian_paid_flow_dossiers.csv;data_processed/russian_icp_interview_dossiers.csv;data_processed/validation_tranche_planner.csv;data_processed/validation_tranche_briefing_index.csv;data_processed/validation_evidence_workspace_index.csv;data_processed/validation_batch_01_index.csv;data_processed/validation_batch_02_index.csv;data_processed/validation_batch_03_index.csv;data_processed/validation_evidence_rollup.csv;data_processed/validation_gate_calculator.csv;data_processed/validation_gate_status_summary.csv;data_processed/manual_walkthrough_capture_sheet.csv;data_processed/paid_flow_capture_sheet.csv;data_processed/icp_interview_capture_sheet.csv;data_processed/prototype_session_capture_sheet.csv;data_processed/reddit_manual_reading_capture_sheet.csv;docs/decision/research-navigation-index-v1.md;docs/decision/validation-gap-roadmap-v1.md;docs/decision/validation-execution-dashboard-v1.md;docs/decision/hypothesis-decision-matrix-v1.md;docs/decision/p0-validation-command-center-v1.md;docs/decision/p0-validation-field-guide-v1.md;docs/decision/russian-validation-fieldbook-v1.md;docs/decision/russian-validation-gate-cards-v1.md;docs/decision/russian-p0-execution-packet-v1.md;docs/decision/russian-observed-evidence-ladder-v1.md;docs/decision/russian-validation-runway-v1.md;docs/audience/russian-field-session-kit-v1.md;docs/competitive/russian-p0-walkthrough-dossiers-v1.md;docs/market/russian-paid-flow-dossiers-v1.md;docs/audience/russian-icp-interview-dossiers-v1.md;docs/decision/validation-tranche-planner-v1.md;docs/decision/validation-tranche-briefings-v1.md;docs/decision/validation-evidence-workspace-v1.md;docs/decision/validation-batch-01-v1.md;docs/decision/validation-batch-02-v1.md;docs/decision/validation-batch-03-v1.md;docs/decision/validation-evidence-rollup-v1.md;docs/decision/validation-gate-calculator-v1.md;docs/decision/validation-capture-sheets-v1.md;docs/audience/reddit-manual-reading-capture-sheet-v1.md;data_processed/top100_human_validation_queue.csv;data_processed/manual_competitor_inspection_packet.csv;data_processed/public_listing_inspection_results.csv;docs/competitive/manual-competitor-inspection-packet-v1.md;docs/competitive/public-listing-inspection-v1.md","Execute P0 rows in the validation execution dashboard, then update source CSVs and final verdicts.","All six gates are now started, but none is pass-ready: partial/readiness/signoff evidence is present, while app walkthrough, ICP interview, prototype session, and WTP proof remain below threshold."
"NAV_CLAIM_001","claim","REQ_plan","A large expansion plan/backlog exists and routes the research into phased work.","proved_v1","high","reference_anchor","prototype_user_validation","","","","","","","","docs/research-expansion-master-plan.md","docs/research-expansion-master-plan.md;docs/strategy/research-phases.md;docs/decision/validation-gap-roadmap-v1.md;docs/decision/validation-execution-dashboard-v1.md;data_processed/validation_gap_roadmap.csv;data_processed/validation_execution_dashboard.csv;reports/expanded-research-kickoff-2026-05-31.md","Update plan after human validation and prototype testing.","Needs periodic refresh as validation findings change."
"NAV_CLAIM_002","claim","REQ_evidence_package_traceability","The research package is traceable through a manifest of raw data, processed data, docs, reports, PDFs, charts, and generator scripts.","proved_v1","high","reference_anchor","project_navigation","","","","","","","","data_processed/evidence_artifact_manifest.csv","data_processed/evidence_artifact_manifest.csv;docs/decision/evidence-package-manifest-v1.md","Regenerate manifest after each major data/report/PDF update and before final archive.","Manifest is a reproducibility layer, not a substitute for human validation of claims."
"NAV_CLAIM_003","claim","REQ_completion_readiness_audit","The original research objective is audited requirement-by-requirement so completion is not overclaimed.","proved_v1_open_requirements","high","needs_validation","project_navigation","","","","","","","","data_processed/research_completion_audit.csv","data_processed/research_completion_audit.csv;docs/decision/research-completion-audit-v1.md","Use completion audit to prioritize P0 validation and source expansion before any final completion claim.","Several objective requirements remain partial, directional, draft, or validation-ready rather than fully complete."
"NAV_CLAIM_004","claim","REQ_hypothesis_decision_matrix","H1-H6 are translated into explicit go/hold/kill operating decisions.","proved_v1_open_validation_decisions","high","needs_validation","project_navigation","","","","","","","","data_processed/hypothesis_decision_matrix.csv","data_processed/hypothesis_decision_matrix.csv;docs/decision/hypothesis-decision-matrix-v1.md","Use the hold/validate rows as the next execution order and update decisions only after observed evidence is captured.","Decision rows remain validation gates, not final proof: competitor walkthroughs, paywall sign-off, ICP interviews, and prototype sessions are still open."
"NAV_CLAIM_005","claim","REQ_market_money_triangulation","TAM/SAM/SOM, source confidence, stress tests, monetization proxies, competitor revenue proxies, and paywall evidence are triangulated into market-level money verdicts.","proved_v1_triangulated_proxy_not_final","medium_high","needs_validation","manual_competitor_walkthrough","","","","","","","","data_processed/market_money_triangulation.csv","data_processed/market_money_triangulation.csv;data_processed/market_money_triangulation_summary.csv;docs/market/market-money-triangulation-v1.md;data_processed/tam_sam_som_model.csv;data_processed/market_sizing_assumption_audit.csv;data_processed/market_monetization_proxy_matrix.csv;data_processed/competitor_revenue_proxy_market_summary.csv;data_processed/web_paywall_visual_adjudication_summary.csv;data_processed/validation_gate_calculator.csv","Use the strong and medium directional markets to prioritize paid-flow capture rows and WTP probes, then rerun H2 gate calculation.","This is public-evidence triangulation, not final revenue proof. H2 still needs paid-flow human signoff, product-match notes, and WTP evidence from prototype/ICP sessions."
"NAV_CLAIM_006","claim","REQ_p0_validation_command_center","Open P0 validation is converted into an operator-ready command center.","proved_v1_operator_ready_open_gates","high","needs_validation","manual_competitor_walkthrough","","","","","","","","data_processed/p0_validation_command_center.csv","data_processed/p0_validation_command_center.csv;docs/decision/p0-validation-command-center-v1.md;data_processed/validation_execution_dashboard.csv;docs/decision/validation-execution-dashboard-v1.md","Execute blocker rows first: direct competitor walkthrough for Shepherd, avatar-change prototype comprehension, differentiation/trust scorecard gates, then paid-flow signoff and ICP interviews.","The command center is operational scaffolding; it still requires actual screenshots, participant evidence, paywall signoff, and updated verdicts."
"NAV_CLAIM_007","claim","REQ_p0_validation_field_guide","P0 validation has executable field scripts and evidence-handling rules.","proved_v1_execution_scripts_ready_open_gates","high","needs_validation","project_navigation","","","","","","","","data_processed/p0_validation_field_guide.csv","data_processed/p0_validation_field_guide.csv;docs/decision/p0-validation-field-guide-v1.md;data_processed/p0_validation_command_center.csv;docs/decision/p0-validation-command-center-v1.md","Use the scripts to run the first validation tranche and update capture sheets with screenshots, quotes, observed values, and final verdicts.","Field guide is still an execution artifact, not observed validation evidence."
"NAV_CLAIM_008","claim","REQ_validation_evidence_workspace","Validation evidence has a local intake workspace with templates and lane-level folders.","proved_v1_intake_workspace_ready_open_gates","high","needs_validation","project_navigation","","","","","","","","data_processed/validation_evidence_workspace_index.csv","data_processed/validation_evidence_workspace_index.csv;docs/decision/validation-evidence-workspace-v1.md;output/validation/README.md;output/validation/templates/generic-validation-note-template.md","Store first validation tranche evidence under output/validation/<date>/<lane>/ and link paths into source CSVs.","Workspace is empty until real screenshots, notes, quotes, and calculations are captured."
"NAV_CLAIM_009","claim","REQ_validation_batch_01","The first blocker validation tranche has prefilled local note files.","proved_v1_batch_ready_open_gates","high","needs_validation","project_navigation","","","","","","","","data_processed/validation_batch_01_index.csv","data_processed/validation_batch_01_index.csv;docs/decision/validation-batch-01-v1.md;output/validation/2026-05-31","Fill Batch 01 notes before upgrading or downgrading H1/H3/H4/H6.","Batch files are prefilled intake notes; they still need observed screenshots, quotes, measured values, and final verdicts."
"NAV_CLAIM_010","claim","REQ_validation_batch_02","The full non-blocker P0 validation breadth has prefilled local note files.","proved_v1_p0_breadth_batch_ready_open_gates","high","needs_validation","project_navigation","","","","","","","","data_processed/validation_batch_02_index.csv","data_processed/validation_batch_02_index.csv;docs/decision/validation-batch-02-v1.md;output/validation/2026-05-31","Work through Batch 02 after blocker notes or in parallel where the evidence lane is independent.","Batch files are prefilled intake notes; they still need observed screenshots, quotes, measured values, and final verdicts."
"NAV_CLAIM_011","claim","REQ_validation_batch_03","All P1 context validation commands have prefilled local note files.","proved_v1_context_batch_ready_open_gates","high","needs_validation","project_navigation","","","","","","","","data_processed/validation_batch_03_index.csv","data_processed/validation_batch_03_index.csv;docs/decision/validation-batch-03-v1.md;output/validation/2026-05-31","Use Batch 03 to confirm, weaken, or reject contextual paid-flow signals after P0 evidence is underway.","Batch files are prefilled context notes; they still need observed pricing/paywall checks and conservative signoff decisions."
"NAV_CLAIM_012","claim","REQ_validation_evidence_rollup","Validation intake has command-level rollup coverage across all batch notes and linked local artifacts.","proved_v1_command_level_rollup_open_gates","high","needs_validation","project_navigation","","","","","","","","data_processed/validation_evidence_rollup.csv","data_processed/validation_evidence_rollup.csv;docs/decision/validation-evidence-rollup-v1.md;data_processed/validation_batch_01_index.csv;data_processed/validation_batch_02_index.csv;data_processed/validation_batch_03_index.csv","Use rollup evidence_state to prioritize rows with no local artifact and paid-flow rows awaiting human signoff.","Rollup is an intake audit, not a validation result: most rows still need observed screenshots, quotes, calculations, or human signoff."
"NAV_CLAIM_013","claim","REQ_validation_gate_calculator","Observed validation capture rows are converted into explicit H1-H6 gate status before any hypothesis is upgraded.","proved_v1_calculator_ready_open_gates","high","needs_validation","manual_competitor_walkthrough","","","","","","","","data_processed/validation_gate_calculator.csv","data_processed/validation_gate_calculator.csv;data_processed/validation_gate_status_summary.csv;docs/decision/validation-gate-calculator-v1.md;data_processed/manual_walkthrough_capture_sheet.csv;data_processed/paid_flow_capture_sheet.csv;data_processed/icp_interview_capture_sheet.csv;data_processed/prototype_session_capture_sheet.csv","Fill capture rows for manual walkthrough, paid-flow, ICP interviews, and prototype sessions, then rerun the calculator before updating hypothesis decisions.","The calculator is ready, but current capture rows are still unobserved; it deliberately keeps gates in hold/validate until screenshots, quotes, scores, and human signoff are entered."
"NAV_CLAIM_014","claim","REQ_competitor_universe","Competitor/source universe has been expanded across the five target markets.","proved_raw_50k_and_dedup_30k_plus_dedup_50k_open","medium_high","needs_validation","manual_competitor_walkthrough","","","","","","","","data_raw/expanded/all_expanded_raw.csv","data_raw/expanded/all_expanded_raw.csv;data_raw/expanded/all_expanded_dedup.csv;data_raw/expanded/p0_external_sources_raw.csv;data_raw/expanded_itch_raw.csv;data_raw/expanded_steam_tags_raw.csv;data_raw/expanded_steam_deep_tags_raw.csv;data_raw/expanded_desktop_store_raw.csv;data_raw/expanded_chrome_extensions_raw.csv;data_raw/expanded_reddit_competitor_mentions_raw.csv;data_raw/chrome_extension_detail_raw.csv;data_processed/cross_source_universe_raw_index.csv;data_processed/cross_source_universe_raw_parts/part_*.csv;data_processed/cross_source_universe_dedup.csv;data_processed/cross_source_universe_summary.csv;data_processed/cross_source_coverage_matrix.csv;data_processed/source_scale_milestone.csv;data_processed/p0_external_source_summary.csv;data_processed/itch_source_summary.csv;data_processed/steam_tag_source_summary.csv;data_processed/steam_deep_tag_source_summary.csv;data_processed/desktop_store_source_summary.csv;data_processed/chrome_webstore_source_expansion_summary.csv;data_processed/reddit_competitor_mentions_summary.csv;data_processed/reddit_mention_signal_matrix.csv;data_processed/reddit_mention_app_summary.csv;data_processed/reddit_manual_reading_queue.csv;data_processed/reddit_manual_reading_prompt_bank.csv;data_processed/reddit_manual_reading_capture_sheet.csv;data_processed/chrome_extension_fit_matrix.csv;data_processed/chrome_extension_mechanic_battlecards.csv;data_processed/competitor_feature_matrix.csv;docs/competitive/cross-source-universe-v1.md;docs/competitive/cross-source-coverage-matrix-v1.md;docs/competitive/source-scale-milestone-v1.md;docs/competitive/expanded-source-map.md;docs/competitive/p0-external-source-collection-v1.md;docs/competitive/itch-source-expansion-v1.md;docs/competitive/steam-tag-expansion-v1.md;docs/competitive/steam-deep-tag-increment-v1.md;docs/competitive/desktop-store-expansion-v1.md;docs/competitive/chrome-webstore-source-expansion-v1.md;docs/audience/reddit-competitor-mentions-v1.md;docs/audience/reddit-mention-signal-matrix-v1.md;docs/audience/reddit-manual-reading-queue-v1.md;docs/audience/reddit-manual-reading-capture-sheet-v1.md;docs/competitive/chrome-extension-detail-enrichment-v1.md;docs/competitive/chrome-extension-mechanic-battlecards-v1.md","Continue source-native expansion through Product Hunt/AlternativeTo, Microsoft Store, B2B directories, Reddit mentions, and deeper itch/Steam tags while keeping evidence quality labels explicit.","Raw 50k source scale is met; dedup 30k+ and the 30k-40k working band are met; dedup 50k remains open and should not be overclaimed."
"NAV_CLAIM_015","claim","H1_product_shape_exists","The proposed product shape exists as an intersection of meaning, daily action, reset, identity/avatar feedback, and progression.","public_listing_inspected_walkthrough_open","medium","needs_validation","manual_competitor_walkthrough","H1","GATE_H1_MANUAL_PRODUCT_SHAPE","in_progress_insufficient_evidence","12/60; success 0/25","keeps_hold_validate","TRANCHE_01_HIDDEN_CLONE_SPIKE","output/validation/2026-05-31/tranche_briefings/01__tranche-01-hidden-clone-spike__briefing.md","data_processed/top100_competitor_review_scorecard.csv","data_processed/top100_competitor_review_scorecard.csv;data_processed/manual_competitor_inspection_packet.csv;data_processed/manual_competitor_inspection_rubric.csv;data_processed/public_listing_inspection_results.csv;docs/competitive/top100-competitor-review-v1.md;docs/competitive/manual-competitor-inspection-packet-v1.md;docs/competitive/public-listing-inspection-v1.md;docs/product/product-core-evidence-v1.md","Capture onboarding, first action, progress/avatar feedback, and paywall screenshots for the highest-risk public-listing rows.","Strict full loop is rare and still needs actual app/onboarding screenshots to confirm or downgrade public listing claims."
"NAV_CLAIM_016","claim","H2_markets_have_money","The five adjacent markets contain monetizable demand and paid behavior.","supported_with_ranges_stress_test_and_bottom_up_proxy","medium","directional_claim","manual_competitor_walkthrough","H2","GATE_H2_PAID_FLOW","in_progress_insufficient_evidence","28/48; success 8/12","keeps_hold_validate","TRANCHE_03_PAID_CONFIRMED_SPIKE","output/validation/2026-05-31/tranche_briefings/03__tranche-03-paid-confirmed-spike__briefing.md","data_processed/tam_sam_som_model.csv","data_processed/tam_sam_som_model.csv;data_processed/som_sensitivity_scenarios.csv;data_processed/market_sizing_assumption_audit.csv;data_processed/market_sizing_stress_test.csv;data_processed/market_claims.csv;data_processed/market_source_confidence_review.csv;data_processed/market_confidence_summary.csv;data_processed/market_monetization_proxy_matrix.csv;data_processed/monetization_proxy_examples.csv;data_processed/competitor_revenue_proxy_review.csv;data_processed/competitor_revenue_proxy_market_summary.csv;data_processed/paid_flow_local_signoff.csv;data_raw/app_store_iap_pricing_raw.csv;data_raw/google_play_pricing_raw.csv;docs/market/tam-sam-som-model-v1.md;docs/market/market-source-confidence-review-v1.md;docs/market/market-sizing-stress-test-v1.md;docs/market/monetization-proxy-matrix-v1.md;docs/market/competitor-revenue-proxy-review-v1.md;docs/market/paid-flow-local-signoff-v1.md","Use stress-test risk rows to prioritize paid-flow inspection and prototype willingness-to-pay questions.","Market sizing still needs actual revenue estimates, paid intelligence, manual in-app paywall validation, and willingness-to-pay prototype evidence for final investor-grade claims."
"NAV_CLAIM_017","claim","H2_paywall_visible_evidence","Some adjacent products expose public web paywall/pricing signals outside app stores.","supported_narrowly_with_visual_adjudication","medium_low","supporting","manual_competitor_walkthrough","H2","GATE_H2_PAID_FLOW","in_progress_insufficient_evidence","28/48; success 8/12","keeps_hold_validate","TRANCHE_03_PAID_CONFIRMED_SPIKE","output/validation/2026-05-31/tranche_briefings/03__tranche-03-paid-confirmed-spike__briefing.md","data_processed/web_paywall_signal_matrix.csv","data_processed/web_paywall_signal_matrix.csv;data_processed/web_paywall_screenshot_validation.csv;data_processed/web_paywall_screenshot_interpretation.csv;data_processed/web_paywall_visual_adjudication.csv;data_processed/web_paywall_visual_adjudication_summary.csv;data_processed/paid_flow_local_signoff.csv;docs/competitive/web-paywall-screenshot-interpretation-v1.md;docs/competitive/web-paywall-visual-adjudication-v1.md;docs/market/paid-flow-local-signoff-v1.md;output/paywall_screenshots/*.png","Human-signoff the adjudication queue and inspect in-app paywall flows for the highest competitor revenue proxies.","Most web signals remain ambiguous, not found, parent-company pages, login-gated, or require broader human/in-app inspection; current local signoff covers only the first two confirmed/partial products."
"NAV_CLAIM_018","claim","H3_whitespace_exists","There is a narrow whitespace around behavior-tied avatar/identity progression caused by a daily action.","narrow_supported_public_listing_inspected_walkthrough_open","medium","needs_validation","manual_competitor_walkthrough","H3","GATE_H3_MANUAL_WHITESPACE","in_progress_insufficient_evidence","12/60; success 0/25","keeps_hold_validate","TRANCHE_01_HIDDEN_CLONE_SPIKE","output/validation/2026-05-31/tranche_briefings/01__tranche-01-hidden-clone-spike__briefing.md","data_processed/whitespace_signal_matrix.csv","data_processed/whitespace_signal_matrix.csv;data_processed/cross_source_market_saturation_matrix.csv;data_processed/product_core_evidence_matrix.csv;data_processed/chrome_extension_mechanic_battlecards.csv;data_processed/manual_competitor_inspection_packet.csv;data_processed/manual_competitor_inspection_rubric.csv;data_processed/public_listing_inspection_results.csv;docs/intersections/whitespace-map-v2.md;docs/intersections/cross-source-saturation-whitespace-v1.md;docs/product/product-core-evidence-v1.md;docs/competitive/chrome-extension-mechanic-battlecards-v1.md;docs/competitive/manual-competitor-inspection-packet-v1.md;docs/competitive/public-listing-inspection-v1.md","Use the public-listing risk read to classify action->avatar causality in walkthrough as visible, inferred, absent, or blocked.","Actual app/onboarding inspection results are still missing; public listings and cross-source text rules can overstate or hide in-app loops."
"NAV_CLAIM_019","claim","H4_competitive_advantage_plausible","A competitive advantage is plausible if Alina owns the integrated daily transformation loop rather than a generic feature.","prototype_stimulus_ready_unvalidated","medium","needs_validation","manual_competitor_walkthrough","H4","GATE_H4_PROTOTYPE_ADVANTAGE","in_progress_insufficient_evidence","16/80; success 0/32","keeps_hold_validate","TRANCHE_05_PROTOTYPE_PILOT","output/validation/2026-05-31/tranche_briefings/05__tranche-05-prototype-pilot__briefing.md","data_processed/top100_competitor_review_scorecard.csv","data_processed/top100_competitor_review_scorecard.csv;data_processed/top100_human_validation_queue.csv;data_processed/chrome_extension_mechanic_battlecards.csv;data_processed/prototype_validation_stimulus_flow.csv;data_processed/prototype_validation_scorecard.csv;docs/product/prototype-validation-stimulus-v1.md;docs/competitive/human-validation-guide-v1.md;docs/competitive/chrome-extension-mechanic-battlecards-v1.md;docs/strategy/value-proposition-v1.md","Run prototype sessions with the top two ICP segments and fill the scorecard with observed results.","No human prototype session yet proves users understand, prefer, or value the integrated loop."
"NAV_CLAIM_020","claim","H5_shared_audience_exists","A shared audience exists around digital rituals for identity, emotional regulation, self-improvement, and visible progress.","directionally_supported","medium","directional_claim","icp_interviews|reddit_manual_reading","H5","GATE_H5_ICP_RECENT_BEHAVIOR","in_progress_insufficient_evidence","12/96; success 0/30","keeps_hold_validate","TRANCHE_04_ICP_PILOT","output/validation/2026-05-31/tranche_briefings/04__tranche-04-icp-pilot__briefing.md","data_processed/audience_signal_matrix.csv","data_processed/audience_signal_matrix.csv;data_raw/app_store_top_candidate_reviews.csv;data_processed/review_signal_matrix.csv;data_processed/review_jtbd_cluster_summary.csv;data_processed/community_referral_signal_rows.csv;data_processed/community_referral_summary.csv;data_processed/forum_quote_coding_matrix.csv;data_processed/reddit_mention_signal_matrix.csv;data_processed/reddit_mention_app_summary.csv;data_processed/reddit_manual_reading_queue.csv;data_processed/reddit_manual_reading_prompt_bank.csv;data_processed/reddit_manual_reading_capture_sheet.csv;data_processed/icp_segment_matrix.csv;data_processed/icp_validation_test_plan.csv;data_processed/icp_recruiting_bridge.csv;data_processed/icp_recruiting_message_bank.csv;docs/audience/review-language-synthesis-v1.md;docs/audience/community-referral-evidence-v1.md;docs/audience/forum-quote-coding-v1.md;docs/audience/reddit-mention-signal-matrix-v1.md;docs/audience/reddit-manual-reading-queue-v1.md;docs/audience/reddit-manual-reading-capture-sheet-v1.md;docs/audience/icp-segment-matrix-v1.md;docs/audience/icp-validation-packet-v1.md;docs/audience/icp-recruiting-bridge-v1.md","Use the ICP recruiting bridge to source top-two segment participants, execute the ICP validation packet, then update segment status and selected primary ICP.","Keyword/OCR/forum coding and directional ICP recruiting assets need human validation, interviews, and prototype tests."
"NAV_CLAIM_021","claim","H6_product_core_defined","The MVP product core can be defined as personal meaning -> one daily action -> short reset -> avatar/identity feedback -> visible progression -> next-day hook.","supported_for_mvp_framing","medium","directional_claim","prototype_user_validation","H6","GATE_H6_PRODUCT_CORE","in_progress_insufficient_evidence","16/80; success 0/32","keeps_hold_validate","TRANCHE_05_PROTOTYPE_PILOT","output/validation/2026-05-31/tranche_briefings/05__tranche-05-prototype-pilot__briefing.md","data_processed/product_core_evidence_matrix.csv","data_processed/product_core_evidence_matrix.csv;data_processed/prototype_validation_stimulus_flow.csv;data_processed/prototype_validation_scorecard.csv;docs/product/product-core-evidence-v1.md;docs/product/prototype-validation-stimulus-v1.md;docs/strategy/user-flow-v1.md;docs/strategy/avatar-loop-spec.md","Run prototype sessions and measure loop completion, comprehension, meaning lift, return intent, and paid-depth interest.","No user prototype evidence yet confirms comprehension, emotional value, or retention impact."
"NAV_CLAIM_022","claim","REQ_final_artifacts_versioned","Research artifacts are saved locally, rendered into PDFs, and versioned in GitHub.","proved_active","high","reference_anchor","project_navigation","","","","","","","","output/pdf/alina-evidence-first-report-draft.pdf","output/pdf/alina-evidence-first-report-draft.pdf;output/pdf/alina-evidence-visual-report-v1.pdf;reports/evidence-status-2026-05-31.md;git log","After human validation, produce final polished PDF and archive data provenance.","Final polished investor/user-facing PDF is still draft-level, not final designed publication."
"NAV_GATE_001","gate","GATE_H1_MANUAL_PRODUCT_SHAPE","At least five P0 apps have all five walkthrough slots classified without confirming a hidden full-loop clone.","in_progress_insufficient_evidence","partial_observed_evidence","review_ready","manual_competitor_walkthrough","H1","GATE_H1_MANUAL_PRODUCT_SHAPE","in_progress_insufficient_evidence","12/60; success 0/25","keeps_hold_validate","TRANCHE_01_HIDDEN_CLONE_SPIKE","output/validation/2026-05-31/tranche_briefings/01__tranche-01-hidden-clone-spike__briefing.md","data_processed/manual_competitor_inspection_packet.csv","data_processed/top100_competitor_review_scorecard.csv;data_processed/manual_competitor_inspection_packet.csv;data_processed/manual_competitor_inspection_rubric.csv;data_processed/public_listing_inspection_results.csv;docs/competitive/top100-competitor-review-v1.md;docs/competitive/manual-competitor-inspection-packet-v1.md;docs/competitive/public-listing-inspection-v1.md;docs/product/product-core-evidence-v1.md","Capture onboarding, first action, progress/avatar feedback, and paywall screenshots for the highest-risk public-listing rows.","Any P0 competitor clearly owns the full Alina loop with action->identity/avatar causality."
"NAV_GATE_002","gate","GATE_H3_MANUAL_WHITESPACE","Manual walkthrough confirms behavior-tied identity/avatar progression remains rare among high-risk substitutes.","in_progress_insufficient_evidence","partial_observed_evidence","review_ready","manual_competitor_walkthrough","H3","GATE_H3_MANUAL_WHITESPACE","in_progress_insufficient_evidence","12/60; success 0/25","keeps_hold_validate","TRANCHE_01_HIDDEN_CLONE_SPIKE","output/validation/2026-05-31/tranche_briefings/01__tranche-01-hidden-clone-spike__briefing.md","data_processed/manual_competitor_inspection_packet.csv","data_processed/whitespace_signal_matrix.csv;data_processed/cross_source_market_saturation_matrix.csv;data_processed/product_core_evidence_matrix.csv;data_processed/chrome_extension_mechanic_battlecards.csv;data_processed/manual_competitor_inspection_packet.csv;data_processed/manual_competitor_inspection_rubric.csv;data_processed/public_listing_inspection_results.csv;docs/intersections/whitespace-map-v2.md;docs/intersections/cross-source-saturation-whitespace-v1.md;docs/product/product-core-evidence-v1.md;docs/competitive/chrome-extension-mechanic-battlecards-v1.md;docs/competitive/manual-competitor-inspection-packet-v1.md;docs/competitive/public-listing-inspection-v1.md","Use the public-listing risk read to classify action->avatar causality in walkthrough as visible, inferred, absent, or blocked.","Walkthrough reveals common full-loop substitutes or hidden clone risk is confirmed."
"NAV_GATE_003","gate","GATE_H2_PAID_FLOW","Highest-money competitors receive confirm/partial/reject paid-flow labels with human product-match notes.","in_progress_insufficient_evidence","partial_observed_evidence","review_ready","paid_flow_validation","H2","GATE_H2_PAID_FLOW","in_progress_insufficient_evidence","28/48; success 8/12","keeps_hold_validate","TRANCHE_03_PAID_CONFIRMED_SPIKE","output/validation/2026-05-31/tranche_briefings/03__tranche-03-paid-confirmed-spike__briefing.md","data_processed/web_paywall_visual_adjudication.csv","data_processed/tam_sam_som_model.csv;data_processed/som_sensitivity_scenarios.csv;data_processed/market_sizing_assumption_audit.csv;data_processed/market_sizing_stress_test.csv;data_processed/market_claims.csv;data_processed/market_source_confidence_review.csv;data_processed/market_confidence_summary.csv;data_processed/market_monetization_proxy_matrix.csv;data_processed/monetization_proxy_examples.csv;data_processed/competitor_revenue_proxy_review.csv;data_processed/competitor_revenue_proxy_market_summary.csv;data_raw/app_store_iap_pricing_raw.csv;data_raw/google_play_pricing_raw.csv;docs/market/tam-sam-som-model-v1.md;docs/market/market-source-confidence-review-v1.md;docs/market/market-sizing-stress-test-v1.md;docs/market/monetization-proxy-matrix-v1.md;docs/market/competitor-revenue-proxy-review-v1.md;data_processed/web_paywall_visual_adjudication.csv","Use stress-test risk rows to prioritize paid-flow inspection and prototype willingness-to-pay questions.","Paid signals mostly belong to parent pages, unrelated products, or login-gated pages that cannot support market-money claims."
"NAV_GATE_004","gate","GATE_H5_ICP_RECENT_BEHAVIOR","Top two ICP segments produce recent-behavior, language resonance, return-intent, and WTP signals.","in_progress_insufficient_evidence","partial_observed_evidence","review_ready","icp_interviews","H5","GATE_H5_ICP_RECENT_BEHAVIOR","in_progress_insufficient_evidence","12/96; success 0/30","keeps_hold_validate","TRANCHE_04_ICP_PILOT","output/validation/2026-05-31/tranche_briefings/04__tranche-04-icp-pilot__briefing.md","data_processed/icp_validation_test_plan.csv","data_processed/audience_signal_matrix.csv;data_raw/app_store_top_candidate_reviews.csv;data_processed/review_signal_matrix.csv;data_processed/review_jtbd_cluster_summary.csv;data_processed/community_referral_signal_rows.csv;data_processed/community_referral_summary.csv;data_processed/forum_quote_coding_matrix.csv;data_processed/reddit_mention_signal_matrix.csv;data_processed/reddit_mention_app_summary.csv;data_processed/reddit_manual_reading_queue.csv;data_processed/reddit_manual_reading_prompt_bank.csv;data_processed/reddit_manual_reading_capture_sheet.csv;data_processed/icp_segment_matrix.csv;data_processed/icp_validation_test_plan.csv;data_processed/icp_recruiting_bridge.csv;data_processed/icp_recruiting_message_bank.csv;docs/audience/review-language-synthesis-v1.md;docs/audience/community-referral-evidence-v1.md;docs/audience/forum-quote-coding-v1.md;docs/audience/reddit-mention-signal-matrix-v1.md;docs/audience/reddit-manual-reading-queue-v1.md;docs/audience/reddit-manual-reading-capture-sheet-v1.md;docs/audience/icp-segment-matrix-v1.md;docs/audience/icp-validation-packet-v1.md;docs/audience/icp-recruiting-bridge-v1.md","Use the ICP recruiting bridge to source top-two segment participants, execute the ICP validation packet, then update segment status and selected primary ICP.","No segment recalls a concrete use episode or all reject the action-tied identity/progress premise."
"NAV_GATE_005","gate","GATE_H4_PROTOTYPE_ADVANTAGE","Prototype users understand and prefer the integrated loop over generic alternatives.","in_progress_insufficient_evidence","partial_observed_evidence","review_ready","prototype_user_validation","H4","GATE_H4_PROTOTYPE_ADVANTAGE","in_progress_insufficient_evidence","16/80; success 0/32","keeps_hold_validate","TRANCHE_05_PROTOTYPE_PILOT","output/validation/2026-05-31/tranche_briefings/05__tranche-05-prototype-pilot__briefing.md","data_processed/prototype_validation_scorecard.csv","data_processed/top100_competitor_review_scorecard.csv;data_processed/top100_human_validation_queue.csv;data_processed/chrome_extension_mechanic_battlecards.csv;data_processed/prototype_validation_stimulus_flow.csv;data_processed/prototype_validation_scorecard.csv;docs/product/prototype-validation-stimulus-v1.md;docs/competitive/human-validation-guide-v1.md;docs/competitive/chrome-extension-mechanic-battlecards-v1.md;docs/strategy/value-proposition-v1.md;data_processed/icp_segment_matrix.csv","Run prototype sessions with the top two ICP segments and fill the scorecard with observed results.","Participants read the loop as generic, unsafe, childish, manipulative, or not worth returning to."
"NAV_GATE_006","gate","GATE_H6_PRODUCT_CORE","MVP loop remains coherent after prototype sessions and competitor walkthrough updates.","in_progress_insufficient_evidence","partial_observed_evidence","review_ready","prototype_user_validation","H6","GATE_H6_PRODUCT_CORE","in_progress_insufficient_evidence","16/80; success 0/32","keeps_hold_validate","TRANCHE_05_PROTOTYPE_PILOT","output/validation/2026-05-31/tranche_briefings/05__tranche-05-prototype-pilot__briefing.md","data_processed/prototype_validation_scorecard.csv","data_processed/product_core_evidence_matrix.csv;data_processed/prototype_validation_stimulus_flow.csv;data_processed/prototype_validation_scorecard.csv;docs/product/product-core-evidence-v1.md;docs/product/prototype-validation-stimulus-v1.md;docs/strategy/user-flow-v1.md;docs/strategy/avatar-loop-spec.md;data_processed/icp_segment_matrix.csv","Run prototype sessions and measure loop completion, comprehension, meaning lift, return intent, and paid-depth interest.","The loop requires too much friction/content cost or users cannot explain causality."
