dossier_rank,app_name,market,revenue_proxy_band,visual_adjudication_prefill,adjudication_confidence,price_evidence,observed_iap_price_range,review_signal_rows,top_review_signals,paid_signal_risk_ru,required_slots_count,completed_slots_count,paid_flow_slot_plan_ru,required_filename_stubs,decisive_questions_ru,upgrade_rule_ru,downgrade_rule_ru,source_url,output_target,operator_note_ru
"1","Character AI: Chat, Talk, Text","avatar_identity","","confirmed_visible_public_pricing","high","$9.99|$94.99","","","","сильный public-pricing сигнал, но нужен human product-match и paid-boundary signoff","4","0","public_pricing_or_store_iap: Capture visible price, trial, subscription term, or IAP list. -> output/manual_validation/paid-flow-01-character-ai-chat-talk-text-public_pricing_or_store_iap.png | first_meaningful_paywall_boundary: Capture whether the paywall appears before or after first meaningful loop value. -> output/manual_validation/paid-flow-01-character-ai-chat-talk-text-first_meaningful_paywall_boundary.png | plan_depth_and_unlocks: Capture what paid tier unlocks and whether it matches Alina paid-depth logic. -> output/manual_validation/paid-flow-01-character-ai-chat-talk-text-plan_depth_and_unlocks.png | human_match_check: Confirm the paid surface belongs to the same product/app, not a parent or unrelated page. -> output/manual_validation/paid-flow-01-character-ai-chat-talk-text-human_match_check.png","output/manual_validation/paid-flow-01-character-ai-chat-talk-text-public_pricing_or_store_iap.png|output/manual_validation/paid-flow-01-character-ai-chat-talk-text-first_meaningful_paywall_boundary.png|output/manual_validation/paid-flow-01-character-ai-chat-talk-text-plan_depth_and_unlocks.png|output/manual_validation/paid-flow-01-character-ai-chat-talk-text-human_match_check.png","Видна ли цена или trial? Принадлежит ли paid surface тому же продукту? Появляется ли paywall до или после first meaningful value? Что именно unlocks paid tier? Похожа ли paid depth на Alina logic или это unrelated monetization?","если price, product-match и paid-boundary подтверждены человеком, H2 получает stronger paid-surface support; если нет, сигнал остается public-pricing proxy.","если price относится к parent page, B2B offer, unrelated product, login-only flow или не совпадает с user-facing product, H2 claim надо ослабить и убрать источник из сильной опоры.","https://character.ai/subscribe","data_processed/paid_flow_capture_sheet.csv;data_processed/web_paywall_visual_adjudication.csv;data_processed/hypothesis_decision_matrix.csv","Сначала сохранить 4 скрина по filename stubs, затем заполнить observed_price_or_trial, paid_flow_label, product_match_label и human_notes. Не усиливать H2 без product-match."
"2","Meditopia: Sleep & Meditation","mindfulness","","confirmed_visible_public_pricing","high","$3.50","","","","сильный public-pricing сигнал, но нужен human product-match и paid-boundary signoff","4","0","public_pricing_or_store_iap: Capture visible price, trial, subscription term, or IAP list. -> output/manual_validation/paid-flow-02-meditopia-sleep-meditation-public_pricing_or_store_iap.png | first_meaningful_paywall_boundary: Capture whether the paywall appears before or after first meaningful loop value. -> output/manual_validation/paid-flow-02-meditopia-sleep-meditation-first_meaningful_paywall_boundary.png | plan_depth_and_unlocks: Capture what paid tier unlocks and whether it matches Alina paid-depth logic. -> output/manual_validation/paid-flow-02-meditopia-sleep-meditation-plan_depth_and_unlocks.png | human_match_check: Confirm the paid surface belongs to the same product/app, not a parent or unrelated page. -> output/manual_validation/paid-flow-02-meditopia-sleep-meditation-human_match_check.png","output/manual_validation/paid-flow-02-meditopia-sleep-meditation-public_pricing_or_store_iap.png|output/manual_validation/paid-flow-02-meditopia-sleep-meditation-first_meaningful_paywall_boundary.png|output/manual_validation/paid-flow-02-meditopia-sleep-meditation-plan_depth_and_unlocks.png|output/manual_validation/paid-flow-02-meditopia-sleep-meditation-human_match_check.png","Видна ли цена или trial? Принадлежит ли paid surface тому же продукту? Появляется ли paywall до или после first meaningful value? Что именно unlocks paid tier? Похожа ли paid depth на Alina logic или это unrelated monetization?","если price, product-match и paid-boundary подтверждены человеком, H2 получает stronger paid-surface support; если нет, сигнал остается public-pricing proxy.","если price относится к parent page, B2B offer, unrelated product, login-only flow или не совпадает с user-facing product, H2 claim надо ослабить и убрать источник из сильной опоры.","https://meditopia.com/en/plans","data_processed/paid_flow_capture_sheet.csv;data_processed/web_paywall_visual_adjudication.csv;data_processed/hypothesis_decision_matrix.csv","Сначала сохранить 4 скрина по filename stubs, затем заполнить observed_price_or_trial, paid_flow_label, product_match_label и human_notes. Не усиливать H2 без product-match."
"3","Carrom Pool: Disc Game","gaming","","partial_paid_surface_language","medium","","","","","слабый или смешанный public signal: использовать только как очередь для проверки, не как proof денег","4","0","public_pricing_or_store_iap: Capture visible price, trial, subscription term, or IAP list. -> output/manual_validation/paid-flow-03-carrom-pool-disc-game-public_pricing_or_store_iap.png | first_meaningful_paywall_boundary: Capture whether the paywall appears before or after first meaningful loop value. -> output/manual_validation/paid-flow-03-carrom-pool-disc-game-first_meaningful_paywall_boundary.png | plan_depth_and_unlocks: Capture what paid tier unlocks and whether it matches Alina paid-depth logic. -> output/manual_validation/paid-flow-03-carrom-pool-disc-game-plan_depth_and_unlocks.png | human_match_check: Confirm the paid surface belongs to the same product/app, not a parent or unrelated page. -> output/manual_validation/paid-flow-03-carrom-pool-disc-game-human_match_check.png","output/manual_validation/paid-flow-03-carrom-pool-disc-game-public_pricing_or_store_iap.png|output/manual_validation/paid-flow-03-carrom-pool-disc-game-first_meaningful_paywall_boundary.png|output/manual_validation/paid-flow-03-carrom-pool-disc-game-plan_depth_and_unlocks.png|output/manual_validation/paid-flow-03-carrom-pool-disc-game-human_match_check.png","Видна ли цена или trial? Принадлежит ли paid surface тому же продукту? Появляется ли paywall до или после first meaningful value? Что именно unlocks paid tier? Похожа ли paid depth на Alina logic или это unrelated monetization?","если human review не подтверждает product-match, убрать этот источник из H2 support или понизить до context-only.","если price относится к parent page, B2B offer, unrelated product, login-only flow или не совпадает с user-facing product, H2 claim надо ослабить и убрать источник из сильной опоры.","https://www.miniclip.com/pricing","data_processed/paid_flow_capture_sheet.csv;data_processed/web_paywall_visual_adjudication.csv;data_processed/hypothesis_decision_matrix.csv","Сначала сохранить 4 скрина по filename stubs, затем заполнить observed_price_or_trial, paid_flow_label, product_match_label и human_notes. Не усиливать H2 без product-match."
"4","Avatar World ®","avatar_identity","","partial_paid_surface_language","medium","","","","","слабый или смешанный public signal: использовать только как очередь для проверки, не как proof денег","4","0","public_pricing_or_store_iap: Capture visible price, trial, subscription term, or IAP list. -> output/manual_validation/paid-flow-04-avatar-world-public_pricing_or_store_iap.png | first_meaningful_paywall_boundary: Capture whether the paywall appears before or after first meaningful loop value. -> output/manual_validation/paid-flow-04-avatar-world-first_meaningful_paywall_boundary.png | plan_depth_and_unlocks: Capture what paid tier unlocks and whether it matches Alina paid-depth logic. -> output/manual_validation/paid-flow-04-avatar-world-plan_depth_and_unlocks.png | human_match_check: Confirm the paid surface belongs to the same product/app, not a parent or unrelated page. -> output/manual_validation/paid-flow-04-avatar-world-human_match_check.png","output/manual_validation/paid-flow-04-avatar-world-public_pricing_or_store_iap.png|output/manual_validation/paid-flow-04-avatar-world-first_meaningful_paywall_boundary.png|output/manual_validation/paid-flow-04-avatar-world-plan_depth_and_unlocks.png|output/manual_validation/paid-flow-04-avatar-world-human_match_check.png","Видна ли цена или trial? Принадлежит ли paid surface тому же продукту? Появляется ли paywall до или после first meaningful value? Что именно unlocks paid tier? Похожа ли paid depth на Alina logic или это unrelated monetization?","если human review не подтверждает product-match, убрать этот источник из H2 support или понизить до context-only.","если price относится к parent page, B2B offer, unrelated product, login-only flow или не совпадает с user-facing product, H2 claim надо ослабить и убрать источник из сильной опоры.","https://pazugames.com/","data_processed/paid_flow_capture_sheet.csv;data_processed/web_paywall_visual_adjudication.csv;data_processed/hypothesis_decision_matrix.csv","Сначала сохранить 4 скрина по filename stubs, затем заполнить observed_price_or_trial, paid_flow_label, product_match_label и human_notes. Не усиливать H2 без product-match."
"5","AstroSage Kundli: AI Astrology","astrology_esoterics","","partial_paid_surface_language","medium","","","","","слабый или смешанный public signal: использовать только как очередь для проверки, не как proof денег","4","0","public_pricing_or_store_iap: Capture visible price, trial, subscription term, or IAP list. -> output/manual_validation/paid-flow-05-astrosage-kundli-ai-astrology-public_pricing_or_store_iap.png | first_meaningful_paywall_boundary: Capture whether the paywall appears before or after first meaningful loop value. -> output/manual_validation/paid-flow-05-astrosage-kundli-ai-astrology-first_meaningful_paywall_boundary.png | plan_depth_and_unlocks: Capture what paid tier unlocks and whether it matches Alina paid-depth logic. -> output/manual_validation/paid-flow-05-astrosage-kundli-ai-astrology-plan_depth_and_unlocks.png | human_match_check: Confirm the paid surface belongs to the same product/app, not a parent or unrelated page. -> output/manual_validation/paid-flow-05-astrosage-kundli-ai-astrology-human_match_check.png","output/manual_validation/paid-flow-05-astrosage-kundli-ai-astrology-public_pricing_or_store_iap.png|output/manual_validation/paid-flow-05-astrosage-kundli-ai-astrology-first_meaningful_paywall_boundary.png|output/manual_validation/paid-flow-05-astrosage-kundli-ai-astrology-plan_depth_and_unlocks.png|output/manual_validation/paid-flow-05-astrosage-kundli-ai-astrology-human_match_check.png","Видна ли цена или trial? Принадлежит ли paid surface тому же продукту? Появляется ли paywall до или после first meaningful value? Что именно unlocks paid tier? Похожа ли paid depth на Alina logic или это unrelated monetization?","если human review не подтверждает product-match, убрать этот источник из H2 support или понизить до context-only.","если price относится к parent page, B2B offer, unrelated product, login-only flow или не совпадает с user-facing product, H2 claim надо ослабить и убрать источник из сильной опоры.","https://www.astrosage.com/","data_processed/paid_flow_capture_sheet.csv;data_processed/web_paywall_visual_adjudication.csv;data_processed/hypothesis_decision_matrix.csv","Сначала сохранить 4 скрина по filename stubs, затем заполнить observed_price_or_trial, paid_flow_label, product_match_label и human_notes. Не усиливать H2 без product-match."
"6","NBA 2K Mobile Basketball Game","gaming","","visible_price_context_uncertain","low_medium","$20","","","","слабый или смешанный public signal: использовать только как очередь для проверки, не как proof денег","4","0","public_pricing_or_store_iap: Capture visible price, trial, subscription term, or IAP list. -> output/manual_validation/paid-flow-06-nba-2k-mobile-basketball-game-public_pricing_or_store_iap.png | first_meaningful_paywall_boundary: Capture whether the paywall appears before or after first meaningful loop value. -> output/manual_validation/paid-flow-06-nba-2k-mobile-basketball-game-first_meaningful_paywall_boundary.png | plan_depth_and_unlocks: Capture what paid tier unlocks and whether it matches Alina paid-depth logic. -> output/manual_validation/paid-flow-06-nba-2k-mobile-basketball-game-plan_depth_and_unlocks.png | human_match_check: Confirm the paid surface belongs to the same product/app, not a parent or unrelated page. -> output/manual_validation/paid-flow-06-nba-2k-mobile-basketball-game-human_match_check.png","output/manual_validation/paid-flow-06-nba-2k-mobile-basketball-game-public_pricing_or_store_iap.png|output/manual_validation/paid-flow-06-nba-2k-mobile-basketball-game-first_meaningful_paywall_boundary.png|output/manual_validation/paid-flow-06-nba-2k-mobile-basketball-game-plan_depth_and_unlocks.png|output/manual_validation/paid-flow-06-nba-2k-mobile-basketball-game-human_match_check.png","Видна ли цена или trial? Принадлежит ли paid surface тому же продукту? Появляется ли paywall до или после first meaningful value? Что именно unlocks paid tier? Похожа ли paid depth на Alina logic или это unrelated monetization?","если human review не подтверждает product-match, убрать этот источник из H2 support или понизить до context-only.","если price относится к parent page, B2B offer, unrelated product, login-only flow или не совпадает с user-facing product, H2 claim надо ослабить и убрать источник из сильной опоры.","https://www.nba2kmobile.com/","data_processed/paid_flow_capture_sheet.csv;data_processed/web_paywall_visual_adjudication.csv;data_processed/hypothesis_decision_matrix.csv","Сначала сохранить 4 скрина по filename stubs, затем заполнить observed_price_or_trial, paid_flow_label, product_match_label и human_notes. Не усиливать H2 без product-match."
"7","Everskies: Virtual Dress up","avatar_identity","","partial_paid_surface_language","medium","","","","","слабый или смешанный public signal: использовать только как очередь для проверки, не как proof денег","4","0","public_pricing_or_store_iap: Capture visible price, trial, subscription term, or IAP list. -> output/manual_validation/paid-flow-07-everskies-virtual-dress-up-public_pricing_or_store_iap.png | first_meaningful_paywall_boundary: Capture whether the paywall appears before or after first meaningful loop value. -> output/manual_validation/paid-flow-07-everskies-virtual-dress-up-first_meaningful_paywall_boundary.png | plan_depth_and_unlocks: Capture what paid tier unlocks and whether it matches Alina paid-depth logic. -> output/manual_validation/paid-flow-07-everskies-virtual-dress-up-plan_depth_and_unlocks.png | human_match_check: Confirm the paid surface belongs to the same product/app, not a parent or unrelated page. -> output/manual_validation/paid-flow-07-everskies-virtual-dress-up-human_match_check.png","output/manual_validation/paid-flow-07-everskies-virtual-dress-up-public_pricing_or_store_iap.png|output/manual_validation/paid-flow-07-everskies-virtual-dress-up-first_meaningful_paywall_boundary.png|output/manual_validation/paid-flow-07-everskies-virtual-dress-up-plan_depth_and_unlocks.png|output/manual_validation/paid-flow-07-everskies-virtual-dress-up-human_match_check.png","Видна ли цена или trial? Принадлежит ли paid surface тому же продукту? Появляется ли paywall до или после first meaningful value? Что именно unlocks paid tier? Похожа ли paid depth на Alina logic или это unrelated monetization?","если human review не подтверждает product-match, убрать этот источник из H2 support или понизить до context-only.","если price относится к parent page, B2B offer, unrelated product, login-only flow или не совпадает с user-facing product, H2 claim надо ослабить и убрать источник из сильной опоры.","https://everskies.com/pricing","data_processed/paid_flow_capture_sheet.csv;data_processed/web_paywall_visual_adjudication.csv;data_processed/hypothesis_decision_matrix.csv","Сначала сохранить 4 скрина по filename stubs, затем заполнить observed_price_or_trial, paid_flow_label, product_match_label и human_notes. Не усиливать H2 без product-match."
"8","Mindfulness with Petit BamBou","mindfulness","","partial_paid_surface_language","medium","","","","","слабый или смешанный public signal: использовать только как очередь для проверки, не как proof денег","4","0","public_pricing_or_store_iap: Capture visible price, trial, subscription term, or IAP list. -> output/manual_validation/paid-flow-08-mindfulness-with-petit-bambou-public_pricing_or_store_iap.png | first_meaningful_paywall_boundary: Capture whether the paywall appears before or after first meaningful loop value. -> output/manual_validation/paid-flow-08-mindfulness-with-petit-bambou-first_meaningful_paywall_boundary.png | plan_depth_and_unlocks: Capture what paid tier unlocks and whether it matches Alina paid-depth logic. -> output/manual_validation/paid-flow-08-mindfulness-with-petit-bambou-plan_depth_and_unlocks.png | human_match_check: Confirm the paid surface belongs to the same product/app, not a parent or unrelated page. -> output/manual_validation/paid-flow-08-mindfulness-with-petit-bambou-human_match_check.png","output/manual_validation/paid-flow-08-mindfulness-with-petit-bambou-public_pricing_or_store_iap.png|output/manual_validation/paid-flow-08-mindfulness-with-petit-bambou-first_meaningful_paywall_boundary.png|output/manual_validation/paid-flow-08-mindfulness-with-petit-bambou-plan_depth_and_unlocks.png|output/manual_validation/paid-flow-08-mindfulness-with-petit-bambou-human_match_check.png","Видна ли цена или trial? Принадлежит ли paid surface тому же продукту? Появляется ли paywall до или после first meaningful value? Что именно unlocks paid tier? Похожа ли paid depth на Alina logic или это unrelated monetization?","если human review не подтверждает product-match, убрать этот источник из H2 support или понизить до context-only.","если price относится к parent page, B2B offer, unrelated product, login-only flow или не совпадает с user-facing product, H2 claim надо ослабить и убрать источник из сильной опоры.","https://www.petitbambou.com/en","data_processed/paid_flow_capture_sheet.csv;data_processed/web_paywall_visual_adjudication.csv;data_processed/hypothesis_decision_matrix.csv","Сначала сохранить 4 скрина по filename stubs, затем заполнить observed_price_or_trial, paid_flow_label, product_match_label и human_notes. Не усиливать H2 без product-match."
"9","Monster Girl Maker 2","avatar_identity","","visible_price_context_uncertain","low_medium","$9","","","","слабый или смешанный public signal: использовать только как очередь для проверки, не как proof денег","4","0","public_pricing_or_store_iap: Capture visible price, trial, subscription term, or IAP list. -> output/manual_validation/paid-flow-09-monster-girl-maker-2-public_pricing_or_store_iap.png | first_meaningful_paywall_boundary: Capture whether the paywall appears before or after first meaningful loop value. -> output/manual_validation/paid-flow-09-monster-girl-maker-2-first_meaningful_paywall_boundary.png | plan_depth_and_unlocks: Capture what paid tier unlocks and whether it matches Alina paid-depth logic. -> output/manual_validation/paid-flow-09-monster-girl-maker-2-plan_depth_and_unlocks.png | human_match_check: Confirm the paid surface belongs to the same product/app, not a parent or unrelated page. -> output/manual_validation/paid-flow-09-monster-girl-maker-2-human_match_check.png","output/manual_validation/paid-flow-09-monster-girl-maker-2-public_pricing_or_store_iap.png|output/manual_validation/paid-flow-09-monster-girl-maker-2-first_meaningful_paywall_boundary.png|output/manual_validation/paid-flow-09-monster-girl-maker-2-plan_depth_and_unlocks.png|output/manual_validation/paid-flow-09-monster-girl-maker-2-human_match_check.png","Видна ли цена или trial? Принадлежит ли paid surface тому же продукту? Появляется ли paywall до или после first meaningful value? Что именно unlocks paid tier? Похожа ли paid depth на Alina logic или это unrelated monetization?","если human review не подтверждает product-match, убрать этот источник из H2 support или понизить до context-only.","если price относится к parent page, B2B offer, unrelated product, login-only flow или не совпадает с user-facing product, H2 claim надо ослабить и убрать источник из сильной опоры.","https://www.ghoulkiss.com/","data_processed/paid_flow_capture_sheet.csv;data_processed/web_paywall_visual_adjudication.csv;data_processed/hypothesis_decision_matrix.csv","Сначала сохранить 4 скрина по filename stubs, затем заполнить observed_price_or_trial, paid_flow_label, product_match_label и human_notes. Не усиливать H2 без product-match."
"10","Monster Girl Maker","avatar_identity","","visible_price_context_uncertain","low_medium","$9","","","","слабый или смешанный public signal: использовать только как очередь для проверки, не как proof денег","4","0","public_pricing_or_store_iap: Capture visible price, trial, subscription term, or IAP list. -> output/manual_validation/paid-flow-10-monster-girl-maker-public_pricing_or_store_iap.png | first_meaningful_paywall_boundary: Capture whether the paywall appears before or after first meaningful loop value. -> output/manual_validation/paid-flow-10-monster-girl-maker-first_meaningful_paywall_boundary.png | plan_depth_and_unlocks: Capture what paid tier unlocks and whether it matches Alina paid-depth logic. -> output/manual_validation/paid-flow-10-monster-girl-maker-plan_depth_and_unlocks.png | human_match_check: Confirm the paid surface belongs to the same product/app, not a parent or unrelated page. -> output/manual_validation/paid-flow-10-monster-girl-maker-human_match_check.png","output/manual_validation/paid-flow-10-monster-girl-maker-public_pricing_or_store_iap.png|output/manual_validation/paid-flow-10-monster-girl-maker-first_meaningful_paywall_boundary.png|output/manual_validation/paid-flow-10-monster-girl-maker-plan_depth_and_unlocks.png|output/manual_validation/paid-flow-10-monster-girl-maker-human_match_check.png","Видна ли цена или trial? Принадлежит ли paid surface тому же продукту? Появляется ли paywall до или после first meaningful value? Что именно unlocks paid tier? Похожа ли paid depth на Alina logic или это unrelated monetization?","если human review не подтверждает product-match, убрать этот источник из H2 support или понизить до context-only.","если price относится к parent page, B2B offer, unrelated product, login-only flow или не совпадает с user-facing product, H2 claim надо ослабить и убрать источник из сильной опоры.","https://www.ghoulkiss.com/","data_processed/paid_flow_capture_sheet.csv;data_processed/web_paywall_visual_adjudication.csv;data_processed/hypothesis_decision_matrix.csv","Сначала сохранить 4 скрина по filename stubs, затем заполнить observed_price_or_trial, paid_flow_label, product_match_label и human_notes. Не усиливать H2 без product-match."