narrative_step,russian_thesis,evidence_summary,proof_files,claim_boundary_ru,next_validation_step_ru,report_section
"01_problem_frame","Alina нужно рассматривать не как еще один трекер, медитацию или эзотерическое приложение, а как гипотезу о ежедневной петле личного смысла, действия, reset и видимого прогресса.","33718 cross-source dedup rows across five markets; 20492 audience signal rows; 6 ICP hypotheses","data_processed/cross_source_universe_dedup.csv;data_processed/audience_signal_matrix.csv;data_processed/icp_segment_matrix.csv;reports/alina-russian-narrative-report-v1.md","Это формулировка исследовательской рамки, а не доказательство product-market fit.","Проверять центральную петлю на конкурентных экранах и прототипных сессиях, а не расширять features бесконечно.","Как читать этот документ; 1. Откуда мы начали"
"02_market_money","В соседних рынках видны деньги и платное поведение, но это пока directional proxy, а не доказанная выручка Alina.","6 market-money rows; 3 strong and 1 medium directional money cases; 22 strong competitor revenue proxies; 70 medium+ competitor revenue proxies","data_processed/market_money_triangulation.csv;data_processed/competitor_revenue_proxy_review.csv;data_processed/tam_sam_som_model.csv;docs/market/market-money-triangulation-v1.md","Нельзя подавать TAM/SAM/SOM как прогноз revenue; H2 остается gated до paid-flow signoff и WTP evidence.","Пройти paid-flow capture rows и willingness-to-pay вопросы в ICP/prototype sessions.","2. Рынки и деньги"
"03_competitive_density","Рынок не пустой: пользователи уже решают куски задачи соседними приложениями, поэтому искать нужно узкую комбинацию, а не широкую категорию.","100 top-candidate review rows; 90 primary apps; 1/100 behavior-tied progression signal rows","data_processed/top100_competitor_review_scorecard.csv;data_processed/manual_competitor_inspection_packet.csv;data_processed/public_listing_inspection_results.csv","Публичные листинги и metadata могут скрывать реальные onboarding loops; нельзя объявлять whitespace финальным без walkthrough.","Закрыть P0 manual walkthrough: onboarding, first action, progress/avatar feedback, first paywall.","3. Конкурентная плотность"
"04_whitespace","Потенциальное белое пятно - не отдельная функция, а причинная петля meaning -> action -> reset -> visible identity/progress feedback -> return.","12552 whitespace rows; 593 high whitespace candidates; 6 cross-source saturation markets","data_processed/whitespace_signal_matrix.csv;data_processed/cross_source_market_saturation_matrix.csv;docs/intersections/cross-source-saturation-whitespace-v1.md","Это narrow opportunity hypothesis; gaming/progression остается benchmark-only, пока не доказан прямой consumer overlap.","Сравнить Alina loop с P0 конкурентами по causality: действие действительно меняет identity/progress или это декор.","4. Белое пятно"
"05_audience_icp","Общая аудитория - digital ritual users: люди, которые используют приложения для состояния, идентичности, прогресса и надежды на изменение.","20492 audience rows; 6 ICP segments; 2339 coded Reddit rows; 574 Reddit capture rows","data_processed/audience_signal_matrix.csv;data_processed/icp_segment_matrix.csv;data_processed/reddit_mention_signal_matrix.csv;data_processed/reddit_manual_reading_capture_sheet.csv","Это directional ICP, не финальная персона; Reddit rows не являются representative survey.","Провести интервью по двум верхним ICP и заполнить capture sheets с exact quotes и disconfirmation flags.","5. Аудитория; 6. Reddit/forum слой"
"06_reddit_language","Reddit/forum слой нужен как язык боли и альтернатив: overload, streak anxiety, repetitive content, weak personalization, unclear value before paid.","2339 coded signals; 1852 unique thread reads; 336 P0 and 238 P1 reads; 574 unread/do-not-upgrade capture rows","data_processed/reddit_mention_signal_matrix.csv;data_processed/reddit_manual_reading_queue.csv;data_processed/reddit_manual_reading_capture_sheet.csv;docs/audience/reddit-manual-reading-capture-sheet-v1.md","Пока capture_status=not_started, нельзя цитировать треды во внешнем документе и нельзя усиливать claims.","Прочитать P0 треды и заполнить user job, alternatives, rejected patterns, paid/WTP signal, safety boundary, Alina implication.","6. Что говорит Reddit/forum слой"
"07_product_core","Проверяемая MVP-петля: персональное отражение дня, одно действие, короткий reset, завершение, причинное изменение прогресса/аватара и мягкий next-day hook.","16 prototype stimulus rows; 6 scorecard metrics","data_processed/prototype_validation_stimulus_flow.csv;data_processed/prototype_validation_scorecard.csv;docs/product/prototype-validation-stimulus-v1.md","Петля описана и подготовлена к тесту, но нет completed participant evidence.","Провести prototype sessions и обновить comprehension, meaning lift, differentiation, return intent и paid-depth signals.","7. Продуктовое ядро"
"08_claim_status","Текущий честный verdict: продолжать исследование, но не переобещать. Evidence base сильная как подготовка, но не финальная validation proof.","10 completion requirements; 6 not fully proved/final; 6 validation gates; 6 not started gates; 384 manifest artifacts","data_processed/research_completion_audit.csv;data_processed/validation_gate_calculator.csv;data_processed/evidence_artifact_manifest.csv","Не отмечать цель complete: manual competitor walkthroughs, paid signoff, ICP interviews and prototype sessions remain open.","Исполнять P0 validation dashboard, затем пересобрать claims, русский отчет, PDFs, manifest и git commit.","8. Что доказано; 9. Следующие действия; 10. Verdict"
"09_validation_operating_system","Исследование уже превращено в операционную систему проверки: гипотезы, gates, capture sheets и dashboard показывают, какие claims можно усиливать, а какие нужно держать.","6 validation gates; 6 not-started gates; 10 completion audit rows","data_processed/validation_gate_calculator.csv;data_processed/hypothesis_decision_matrix.csv;data_processed/validation_execution_dashboard.csv;data_processed/research_completion_audit.csv","Наличие validation OS не равно завершенной валидации; это подготовка к disciplined execution.","После каждого ручного evidence capture обновлять gate_status, hypothesis decisions и claim register перед новым PDF.","9. Следующие действия"
"10_provenance_and_versioning","Все ключевые данные должны оставаться локально воспроизводимыми и версионированными, иначе большой ресерч быстро превращается в набор непроверяемых утверждений.","384 manifest rows; local artifact hashes and row counts tracked; GitHub push used as persistence layer","data_processed/evidence_artifact_manifest.csv;docs/decision/evidence-package-manifest-v1.md;git remote origin","Manifest подтверждает наличие и форму артефактов, но не заменяет human validation содержательных выводов.","После каждой партии генерации запускать npm test, diff check, manifest rebuild, commit и push.","Ключевые локальные файлы"
"11_report_style","Финальный документ должен читаться как русское последовательное повествование: данные идут внутри рассказа, а не заменяют его.","Russian narrative report generated; evidence map is used as the chapter-level argument backbone; PDF output exists through the report pipeline","reports/alina-russian-narrative-report-v1.md;output/pdf/alina-russian-narrative-report-v1.pdf;data_processed/russian_narrative_evidence_map.csv","Красивый русский текст не должен усиливать недоказанные claims; каждое сильное утверждение остается связано с boundary.","Редактировать будущие главы по схеме: тезис -> доказательство -> ограничение -> следующий validation step.","Как читать этот документ; Карта аргумента"