appendix_rank,claim_id,claim_type,claim_ru,status,status_ru,confidence,primary_metric,quantitative_evidence,strongest_support_ru,boundary_ru,key_gap_ru,next_action_ru,source_file_count,evidence_files
"1","REQ_plan","project_requirement","A large expansion plan/backlog exists and routes the research into phased work.","proved_v1","доказано как исследовательский слой","high","master plan exists; 16 validation roadmap rows; 11 execution tasks","roadmap_rows=16; roadmap_p0=4; execution_tasks=11; execution_p0=8","Research expansion plan, phase docs, validation gap roadmap, and validation execution dashboard exist in repository.","Needs periodic refresh as validation findings change.","Needs periodic refresh as validation findings change.","Update plan after human validation and prototype testing.","7","docs/research-expansion-master-plan.md;docs/strategy/research-phases.md;docs/decision/validation-gap-roadmap-v1.md;docs/decision/validation-execution-dashboard-v1.md;data_processed/validation_gap_roadmap.csv;data_processed/validation_execution_dashboard.csv;reports/expanded-research-kickoff-2026-05-31.md"
"2","REQ_evidence_package_traceability","project_requirement","The research package is traceable through a manifest of raw data, processed data, docs, reports, PDFs, charts, and generator scripts.","proved_v1","доказано как исследовательский слой","high","525 manifest rows; 0 missing artifacts","manifest_rows=525; csv_artifacts=133; tracked_csv_rows=243351; missing=0","Evidence package manifest records row counts, source-reference coverage, file sizes, and short SHA-256 hashes for key research artifacts and generator scripts.","Это provenance proof, а не содержательное доказательство спроса.","Manifest is a reproducibility layer, not a substitute for human validation of claims.","Regenerate manifest after each major data/report/PDF update and before final archive.","2","data_processed/evidence_artifact_manifest.csv;docs/decision/evidence-package-manifest-v1.md"
"3","REQ_completion_readiness_audit","project_requirement","The original research objective is audited requirement-by-requirement so completion is not overclaimed.","proved_v1_open_requirements","доказано как исследовательский слой","high","10 completion requirements; 6 not fully proved/final","completion_rows=10; open_or_partial=6","Completion audit maps the user objective to current proof, remaining gaps, and next actions, including scale, validation, and final PDF gaps.","Several objective requirements remain partial, directional, draft, or validation-ready rather than fully complete.","Several objective requirements remain partial, directional, draft, or validation-ready rather than fully complete.","Use completion audit to prioritize P0 validation and source expansion before any final completion claim.","2","data_processed/research_completion_audit.csv;docs/decision/research-completion-audit-v1.md"
"4","REQ_hypothesis_decision_matrix","project_requirement","H1-H6 are translated into explicit go/hold/kill operating decisions.","proved_v1_open_validation_decisions","доказано как исследовательский слой","high","6 hypothesis decision rows; 6 hold/validate; 0 go; 0 stop/pivot","decision_rows=6; hold_validate=6; go_for_next_phase=0; stop_or_pivot=0","Decision matrix links H1-H6 to current evidence status, confidence, go gates, hold gates, kill/pivot gates, next actions, workstreams, and capture rows.","Decision rows remain validation gates, not final proof: competitor walkthroughs, paywall sign-off, ICP interviews, and prototype sessions are still open.","Decision rows remain validation gates, not final proof: competitor walkthroughs, paywall sign-off, ICP interviews, and prototype sessions are still open.","Use the hold/validate rows as the next execution order and update decisions only after observed evidence is captured.","2","data_processed/hypothesis_decision_matrix.csv;docs/decision/hypothesis-decision-matrix-v1.md"
"5","REQ_market_money_triangulation","project_requirement","TAM/SAM/SOM, source confidence, stress tests, monetization proxies, competitor revenue proxies, and paywall evidence are triangulated into market-level money verdicts.","proved_v1_triangulated_proxy_not_final","доказано как исследовательский слой","medium_high","6 market rows; 3 strong and 1 medium directional money cases","triangulation_rows=6; verdict_rows=4; strong_directional=3; medium_directional=1; strong_paid_proxy_markets=4; h2_gate=in_progress_insufficient_evidence","Triangulation matrix normalizes market names, scores source quality, monetization proxy strength, competitor revenue proxy strength, public paywall visibility, and risk penalties, while keeping H2 gated by paid-flow/WTP validation.","Нельзя читать proxy как выручку Alina; нужны paid-flow signoff и WTP evidence.","This is public-evidence triangulation, not final revenue proof. H2 still needs paid-flow human signoff, product-match notes, and WTP evidence from prototype/ICP sessions.","Use the strong and medium directional markets to prioritize paid-flow capture rows and WTP probes, then rerun H2 gate calculation.","9","data_processed/market_money_triangulation.csv;data_processed/market_money_triangulation_summary.csv;docs/market/market-money-triangulation-v1.md;data_processed/tam_sam_som_model.csv;data_processed/market_sizing_assumption_audit.csv;data_processed/market_monetization_proxy_matrix.csv;data_processed/competitor_revenue_proxy_market_summary.csv;data_processed/web_paywall_visual_adjudication_summary.csv;data_processed/validation_gate_calculator.csv"
"6","REQ_p0_validation_command_center","project_requirement","Open P0 validation is converted into an operator-ready command center.","proved_v1_operator_ready_open_gates","доказано как исследовательский слой","high","75 command rows; 6 blocker rows; 52 P0 rows","command_rows=75; p0_blockers=6; p0_rows=52; execution_p0=8","Command center expands P0 tasks into exact evidence to capture, pass gates, downgrade/kill gates, source files, output files, and notes fields to fill.","Это операционная готовность, не observed validation evidence.","The command center is operational scaffolding; it still requires actual screenshots, participant evidence, paywall signoff, and updated verdicts.","Execute blocker rows first: direct competitor walkthrough for Shepherd, avatar-change prototype comprehension, differentiation/trust scorecard gates, then paid-flow signoff and ICP interviews.","4","data_processed/p0_validation_command_center.csv;docs/decision/p0-validation-command-center-v1.md;data_processed/validation_execution_dashboard.csv;docs/decision/validation-execution-dashboard-v1.md"
"7","REQ_p0_validation_field_guide","project_requirement","P0 validation has executable field scripts and evidence-handling rules.","proved_v1_execution_scripts_ready_open_gates","доказано как исследовательский слой","high","8 field guide sections; 75 command rows referenced","field_guide_sections=8; command_rows=75; p0_blockers=6","Field guide provides scripts for competitor walkthrough, paid-flow signoff, ICP interviews, prototype sessions, scorecard calculation, evidence naming, and post-validation rebuild/commit protocol.","Это операционная готовность, не observed validation evidence.","Field guide is still an execution artifact, not observed validation evidence.","Use the scripts to run the first validation tranche and update capture sheets with screenshots, quotes, observed values, and final verdicts.","4","data_processed/p0_validation_field_guide.csv;docs/decision/p0-validation-field-guide-v1.md;data_processed/p0_validation_command_center.csv;docs/decision/p0-validation-command-center-v1.md"
"8","REQ_validation_evidence_workspace","project_requirement","Validation evidence has a local intake workspace with templates and lane-level folders.","proved_v1_intake_workspace_ready_open_gates","доказано как исследовательский слой","high","5 workspace lanes; output/validation README and templates generated","workspace_lanes=5; field_guide_sections=8; command_rows=75","Workspace creates lane folders, lane READMEs, and note templates tied to command_id naming conventions.","Это операционная готовность, не observed validation evidence.","Workspace is empty until real screenshots, notes, quotes, and calculations are captured.","Store first validation tranche evidence under output/validation/<date>/<lane>/ and link paths into source CSVs.","4","data_processed/validation_evidence_workspace_index.csv;docs/decision/validation-evidence-workspace-v1.md;output/validation/README.md;output/validation/templates/generic-validation-note-template.md"
"9","REQ_validation_batch_01","project_requirement","The first blocker validation tranche has prefilled local note files.","proved_v1_batch_ready_open_gates","доказано как исследовательский слой","high","6 batch rows; 6 not started; 0 local artifacts linked","batch_rows=6; blocker_rows=6; note_files=6; local_artifact_links=0","Batch 01 creates prefilled notes for every P0 blocker command and links each note to command_id, gate, source files, and output files to update.","Это операционная готовность, не observed validation evidence.","Batch files are prefilled intake notes; they still need observed screenshots, quotes, measured values, and final verdicts.","Fill Batch 01 notes before upgrading or downgrading H1/H3/H4/H6.","3","data_processed/validation_batch_01_index.csv;docs/decision/validation-batch-01-v1.md;output/validation/2026-05-31"
"10","REQ_validation_batch_02","project_requirement","The full non-blocker P0 validation breadth has prefilled local note files.","proved_v1_p0_breadth_batch_ready_open_gates","доказано как исследовательский слой","high","52 batch rows; 52 not started; 12 local artifacts linked","batch_rows=52; p0_rows=52; note_files=52; local_artifact_links=12","Batch 02 creates prefilled notes for every non-blocker P0 command across manual walkthrough, paid-flow signoff, ICP interviews, prototype sessions, and scorecard gates.","Это операционная готовность, не observed validation evidence.","Batch files are prefilled intake notes; they still need observed screenshots, quotes, measured values, and final verdicts.","Work through Batch 02 after blocker notes or in parallel where the evidence lane is independent.","3","data_processed/validation_batch_02_index.csv;docs/decision/validation-batch-02-v1.md;output/validation/2026-05-31"
"11","REQ_validation_batch_03","project_requirement","All P1 context validation commands have prefilled local note files.","proved_v1_context_batch_ready_open_gates","доказано как исследовательский слой","high","17 batch rows; 17 not started; 17 local artifacts linked","batch_rows=17; p1_context_rows=17; note_files=17; local_artifact_links=17","Batch 03 creates prefilled notes for every P1_context command, currently the paid-flow context checks that should improve monetization confidence without blocking hypothesis gates.","Это операционная готовность, не observed validation evidence.","Batch files are prefilled context notes; they still need observed pricing/paywall checks and conservative signoff decisions.","Use Batch 03 to confirm, weaken, or reject contextual paid-flow signals after P0 evidence is underway.","3","data_processed/validation_batch_03_index.csv;docs/decision/validation-batch-03-v1.md;output/validation/2026-05-31"
"12","REQ_validation_evidence_rollup","project_requirement","Validation intake has command-level rollup coverage across all batch notes and linked local artifacts.","proved_v1_command_level_rollup_open_gates","доказано как исследовательский слой","high","75 command rows; 75 notes present; 29 local artifacts linked","rollup_rows=75; notes_present=75; local_artifact_links=29; missing_batch_notes=0","Rollup verifies command-to-note coverage, note existence, local artifact links, and conservative evidence states for every command row.","Это операционная готовность, не observed validation evidence.","Rollup is an intake audit, not a validation result: most rows still need observed screenshots, quotes, calculations, or human signoff.","Use rollup evidence_state to prioritize rows with no local artifact and paid-flow rows awaiting human signoff.","5","data_processed/validation_evidence_rollup.csv;docs/decision/validation-evidence-rollup-v1.md;data_processed/validation_batch_01_index.csv;data_processed/validation_batch_02_index.csv;data_processed/validation_batch_03_index.csv"
"13","REQ_validation_gate_calculator","project_requirement","Observed validation capture rows are converted into explicit H1-H6 gate status before any hypothesis is upgraded.","proved_v1_calculator_ready_open_gates","доказано как исследовательский слой","high","6 gate rows; 0 pass-ready; 6 in-progress; 0 not started; 0 downgrade/kill triggered","gate_rows=6; status_summary_rows=1; pass_ready=0; in_progress=6; not_started=0; downgrade_or_kill=0","Gate calculator reads the four capture sheets and maps evidence into H1 product shape, H2 money, H3 whitespace, H4 competitive advantage, H5 audience, and H6 product-core gates with thresholds and decision effects.","Это операционная готовность, не observed validation evidence.","The calculator is ready, but current capture rows are still unobserved; it deliberately keeps gates in hold/validate until screenshots, quotes, scores, and human signoff are entered.","Fill capture rows for manual walkthrough, paid-flow, ICP interviews, and prototype sessions, then rerun the calculator before updating hypothesis decisions.","7","data_processed/validation_gate_calculator.csv;data_processed/validation_gate_status_summary.csv;docs/decision/validation-gate-calculator-v1.md;data_processed/manual_walkthrough_capture_sheet.csv;data_processed/paid_flow_capture_sheet.csv;data_processed/icp_interview_capture_sheet.csv;data_processed/prototype_session_capture_sheet.csv"
"14","REQ_competitor_universe","project_requirement","Competitor/source universe has been expanded across the five target markets.","proved_raw_50k_and_dedup_30k_plus_dedup_50k_open","доказано как исследовательский слой","medium_high","68085 cross-source raw rows; 37176 cross-source dedup rows; 44 coverage cells; 11 strong and 12 medium source/market cells","niches=5; source_kinds=4; source_scale_milestones=6; cross_source_summary_rows=16; coverage_cells=44; coverage_strong=11; coverage_medium=12; p0_external_rows=29; p0_external_usable=23; itch_rows=7047; itch_ok=6973; steam_tag_rows=18569; steam_tag_ok=17954; steam_deep_tag_rows=6180; steam_deep_tag_ok=6000; desktop_store_rows=15397; desktop_store_ok=15394; chrome_extension_rows=252; chrome_extension_ok=251; reddit_mention_rows=2339; reddit_mention_ok=940; reddit_mention_summary_rows=42; reddit_signal_rows=2339; reddit_signal_groups=9; reddit_known_signal_rows=940; reddit_app_summary_rows=1202; reddit_manual_queue_rows=1852; reddit_manual_p0=336; reddit_manual_p1=238; reddit_manual_capture_rows=574; reddit_manual_capture_p0=336; chrome_detail_ok=251; chrome_strong_adjacent=9; chrome_priority_mechanics=41","Large cross-source universe exists across App Store, Steam, Google Play fallback, source-native itch.io/Steam tags, source-native Mac App Store desktop search, Chrome Web Store expansion with detail-page enrichment, and old.reddit forum mention discovery with coded signal groups.","Raw 50k source scale is met; dedup 30k+ and the 30k-40k working band are met; dedup 50k remains open and should not be overclaimed.","Raw 50k source scale is met; dedup 30k+ and the 30k-40k working band are met; dedup 50k remains open and should not be overclaimed.","Continue source-native expansion through Product Hunt/AlternativeTo, Microsoft Store, B2B directories, Reddit mentions, and deeper itch/Steam tags while keeping evidence quality labels explicit.","47","data_raw/expanded/all_expanded_raw.csv;data_raw/expanded/all_expanded_dedup.csv;data_raw/expanded/p0_external_sources_raw.csv;data_raw/expanded_itch_raw.csv;data_raw/expanded_steam_tags_raw.csv;data_raw/expanded_steam_deep_tags_raw.csv;data_raw/expanded_desktop_store_raw.csv;data_raw/expanded_chrome_extensions_raw.csv;data_raw/expanded_reddit_competitor_mentions_raw.csv;data_raw/chrome_extension_detail_raw.csv;data_processed/cross_source_universe_raw_index.csv;data_processed/cross_source_universe_raw_parts/part_*.csv;data_processed/cross_source_universe_dedup.csv;data_processed/cross_source_universe_summary.csv;data_processed/cross_source_coverage_matrix.csv;data_processed/source_scale_milestone.csv;data_processed/p0_external_source_summary.csv;data_processed/itch_source_summary.csv;data_processed/steam_tag_source_summary.csv;data_processed/steam_deep_tag_source_summary.csv;data_processed/desktop_store_source_summary.csv;data_processed/chrome_webstore_source_expansion_summary.csv;data_processed/reddit_competitor_mentions_summary.csv;data_processed/reddit_mention_signal_matrix.csv;data_processed/reddit_mention_app_summary.csv;data_processed/reddit_manual_reading_queue.csv;data_processed/reddit_manual_reading_prompt_bank.csv;data_processed/reddit_manual_reading_capture_sheet.csv;data_processed/chrome_extension_fit_matrix.csv;data_processed/chrome_extension_mechanic_battlecards.csv;data_processed/competitor_feature_matrix.csv;docs/competitive/cross-source-universe-v1.md;docs/competitive/cross-source-coverage-matrix-v1.md;docs/competitive/source-scale-milestone-v1.md;docs/competitive/expanded-source-map.md;docs/competitive/p0-external-source-collection-v1.md;docs/competitive/itch-source-expansion-v1.md;docs/competitive/steam-tag-expansion-v1.md;docs/competitive/steam-deep-tag-increment-v1.md;docs/competitive/desktop-store-expansion-v1.md;docs/competitive/chrome-webstore-source-expansion-v1.md;docs/audience/reddit-competitor-mentions-v1.md;docs/audience/reddit-mention-signal-matrix-v1.md;docs/audience/reddit-manual-reading-queue-v1.md;docs/audience/reddit-manual-reading-capture-sheet-v1.md;docs/competitive/chrome-extension-detail-enrichment-v1.md;docs/competitive/chrome-extension-mechanic-battlecards-v1.md"
"15","H1_product_shape_exists","product_hypothesis","The proposed product shape exists as an intersection of meaning, daily action, reset, identity/avatar feedback, and progression.","public_listing_inspected_walkthrough_open","готово к проверке, gate открыт","medium","100 top-candidate rows; 90 primary apps; 12 P0 inspection targets; 12 public listings inspected","primary_apps=90; high_threat=45; direct_reference=1; behavior_tied=1; manual_inspection_targets=12; manual_inspection_rubric=6; inspection_strong_money=7; public_listing_rows=12; public_listing_visible_causality=1","Top-100 scorecard shows adjacent products combining required primitives; the P0 packet defines the inspection workflow; the public-listing layer has now inspected all 12 P0 listing excerpts and found the highest-risk visible causality cases for walkthrough.","Нельзя усиливать claim без app/onboarding walkthrough и скриншотов причинной петли.","Strict full loop is rare and still needs actual app/onboarding screenshots to confirm or downgrade public listing claims.","Capture onboarding, first action, progress/avatar feedback, and paywall screenshots for the highest-risk public-listing rows.","8","data_processed/top100_competitor_review_scorecard.csv;data_processed/manual_competitor_inspection_packet.csv;data_processed/manual_competitor_inspection_rubric.csv;data_processed/public_listing_inspection_results.csv;docs/competitive/top100-competitor-review-v1.md;docs/competitive/manual-competitor-inspection-packet-v1.md;docs/competitive/public-listing-inspection-v1.md;docs/product/product-core-evidence-v1.md"
"16","H2_markets_have_money","product_hypothesis","The five adjacent markets contain monetizable demand and paid behavior.","supported_with_ranges_stress_test_and_bottom_up_proxy","поддержано направленно, но не финально доказано","medium","intersection SAM base USD 201960000; 12 market sources confidence-reviewed; 6 assumption rows; 6 stress scenarios; 22 strong competitor money proxies; 28 local paid-flow signoff rows","market_claims=14; SOM scenarios=4; stress_scenarios=6; assumption_audit_rows=6; market_source_reviews=12; high_use_sources=3; range_only_or_context=4; monetization_proxy_markets=5; strong_monetization_proxy=4; competitor_revenue_proxy_rows=90; competitor_revenue_proxy_markets=5; strong_competitor_money_proxy=22; medium_plus_competitor_money_proxy=70; App Store IAP rows=498; Google Play IAP apps=191; paid_flow_local_signoff=28","TAM/SAM/SOM model, source confidence review, assumption stress-test, observed IAP metadata, Google Play IAP metadata, web paywall signals, and competitor-level revenue proxy review show paid depth while preserving range and source-quality caveats.","Нельзя читать proxy как выручку Alina; нужны paid-flow signoff и WTP evidence.","Market sizing still needs actual revenue estimates, paid intelligence, manual in-app paywall validation, and willingness-to-pay prototype evidence for final investor-grade claims.","Use stress-test risk rows to prioritize paid-flow inspection and prototype willingness-to-pay questions.","20","data_processed/tam_sam_som_model.csv;data_processed/som_sensitivity_scenarios.csv;data_processed/market_sizing_assumption_audit.csv;data_processed/market_sizing_stress_test.csv;data_processed/market_claims.csv;data_processed/market_source_confidence_review.csv;data_processed/market_confidence_summary.csv;data_processed/market_monetization_proxy_matrix.csv;data_processed/monetization_proxy_examples.csv;data_processed/competitor_revenue_proxy_review.csv;data_processed/competitor_revenue_proxy_market_summary.csv;data_processed/paid_flow_local_signoff.csv;data_raw/app_store_iap_pricing_raw.csv;data_raw/google_play_pricing_raw.csv;docs/market/tam-sam-som-model-v1.md;docs/market/market-source-confidence-review-v1.md;docs/market/market-sizing-stress-test-v1.md;docs/market/monetization-proxy-matrix-v1.md;docs/market/competitor-revenue-proxy-review-v1.md;docs/market/paid-flow-local-signoff-v1.md"
"17","H2_paywall_visible_evidence","pricing_subclaim","Some adjacent products expose public web paywall/pricing signals outside app stores.","supported_narrowly_with_visual_adjudication","поддержано направленно, но не финально доказано","medium_low","2/29 screenshots confirm visible public pricing; 8 partial paid-surface examples; 28 local signoff rows","web_domains=70; screenshot_captured=29; ocr_confirmed=2; visual_adjudication_rows=29; visual_summary_markets=5; visual_confirmed=2; visual_partial=8; visual_weakened=3; weakens_signal=3; paid_flow_local_signoff=28","Character.ai and Meditopia screenshots/OCR confirm visible price signals; additional public pages partially confirm paid-surface language or uncertain visible price context.","Нельзя читать proxy как выручку Alina; нужны paid-flow signoff и WTP evidence.","Most web signals remain ambiguous, not found, parent-company pages, login-gated, or require broader human/in-app inspection; current local signoff covers only the first two confirmed/partial products.","Human-signoff the adjudication queue and inspect in-app paywall flows for the highest competitor revenue proxies.","10","data_processed/web_paywall_signal_matrix.csv;data_processed/web_paywall_screenshot_validation.csv;data_processed/web_paywall_screenshot_interpretation.csv;data_processed/web_paywall_visual_adjudication.csv;data_processed/web_paywall_visual_adjudication_summary.csv;data_processed/paid_flow_local_signoff.csv;docs/competitive/web-paywall-screenshot-interpretation-v1.md;docs/competitive/web-paywall-visual-adjudication-v1.md;docs/market/paid-flow-local-signoff-v1.md;output/paywall_screenshots/*.png"
"18","H3_whitespace_exists","product_hypothesis","There is a narrow whitespace around behavior-tied avatar/identity progression caused by a daily action.","narrow_supported_public_listing_inspected_walkthrough_open","поддержано направленно, но не финально доказано","medium","1/100 strict behavior-tied progression signals; 6 cross-source saturation markets; 2 benchmark-only markets; 12 P0 apps queued","high_whitespace=593; medium_whitespace=4040; low_whitespace=7919; cross_source_saturation_markets=6; cross_source_primary_high_opportunity=0; cross_source_benchmark_markets=2; chrome_battlecards=251; chrome_priority_mechanics=41; manual_inspection_targets=12; inspection_behavior_prefill=1; inspection_rubric_dimensions=6; public_listing_inspected=12; public_listing_visible_causality=1; public_listing_high_clone_risk=1","Broad adjacent market is crowded; strict behavior-tied avatar progression appears rare in metadata; cross-source saturation keeps gaming/progression as benchmark-only and avoids upgrading primary-market whitespace without walkthrough evidence.","Нельзя усиливать claim без app/onboarding walkthrough и скриншотов причинной петли.","Actual app/onboarding inspection results are still missing; public listings and cross-source text rules can overstate or hide in-app loops.","Use the public-listing risk read to classify action->avatar causality in walkthrough as visible, inferred, absent, or blocked.","13","data_processed/whitespace_signal_matrix.csv;data_processed/cross_source_market_saturation_matrix.csv;data_processed/product_core_evidence_matrix.csv;data_processed/chrome_extension_mechanic_battlecards.csv;data_processed/manual_competitor_inspection_packet.csv;data_processed/manual_competitor_inspection_rubric.csv;data_processed/public_listing_inspection_results.csv;docs/intersections/whitespace-map-v2.md;docs/intersections/cross-source-saturation-whitespace-v1.md;docs/product/product-core-evidence-v1.md;docs/competitive/chrome-extension-mechanic-battlecards-v1.md;docs/competitive/manual-competitor-inspection-packet-v1.md;docs/competitive/public-listing-inspection-v1.md"
"19","H4_competitive_advantage_plausible","product_hypothesis","A competitive advantage is plausible if Alina owns the integrated daily transformation loop rather than a generic feature.","prototype_stimulus_ready_unvalidated","готово к проверке, gate открыт","medium","1 direct reference competitor; 45 high-threat competitors; 8 prototype screens; 6 success/kill metrics","P0_validation=21; P1_validation=24; chrome_priority_mechanics=41; prototype_segments=2; prototype_flow_rows=16; prototype_screens=8; prototype_scorecard_metrics=6; human_confirmed=0","Scorecard separates close substitutes from the one current direct reference; Chrome battlecards identify table-stakes mechanics; prototype stimulus pack now defines the two-minute loop and measurable success/kill gates.","Нельзя считать продуктовое преимущество доказанным без prototype sessions и observed scorecard.","No human prototype session yet proves users understand, prefer, or value the integrated loop.","Run prototype sessions with the top two ICP segments and fill the scorecard with observed results.","9","data_processed/top100_competitor_review_scorecard.csv;data_processed/top100_human_validation_queue.csv;data_processed/chrome_extension_mechanic_battlecards.csv;data_processed/prototype_validation_stimulus_flow.csv;data_processed/prototype_validation_scorecard.csv;docs/product/prototype-validation-stimulus-v1.md;docs/competitive/human-validation-guide-v1.md;docs/competitive/chrome-extension-mechanic-battlecards-v1.md;docs/strategy/value-proposition-v1.md"
"20","H5_shared_audience_exists","product_hypothesis","A shared audience exists around digital rituals for identity, emotional regulation, self-improvement, and visible progress.","directionally_supported","поддержано направленно, но не финально доказано","medium","20492 audience signal rows; 294 community/referral rows; 2339 coded Reddit mention rows; 1852 Reddit manual-read queue rows; 574 Reddit capture rows; 6 ICP segment hypotheses; 36 ICP validation tests; 24 ICP recruiting bridge rows","reviews=2294; review_apps=78; review_signals=2288; review_clusters=12; community_referral_rows=294; community_referral_signals=6; forum_quote_rows=72; reddit_signal_rows=2339; reddit_signal_groups=9; reddit_medium_plus_signals=940; reddit_app_summary_rows=1202; reddit_manual_queue_rows=1852; reddit_manual_p0=336; reddit_manual_p1=238; reddit_prompt_rows=9; reddit_manual_capture_rows=574; reddit_manual_capture_p0=336; reddit_manual_capture_completed=0; icp_segments=6; strong_icp=6; icp_validation_tests=36; icp_recruiting_bridge_rows=24; icp_recruiting_message_rows=24","Reviews, community/referral mentions, forum snippets, and coded Reddit mention rows converge on daily anchors, visible progress, emotional support, pricing sensitivity, accountability/community language, alternatives requests, and safety boundaries; the ICP segment matrix and recruiting bridge convert those signals into testable segment, channel, screener, prototype, WTP, and evidence-capture rows.","Нельзя превращать directional language signals в финальную персону без интервью.","Keyword/OCR/forum coding and directional ICP recruiting assets need human validation, interviews, and prototype tests.","Use the ICP recruiting bridge to source top-two segment participants, execute the ICP validation packet, then update segment status and selected primary ICP.","25","data_processed/audience_signal_matrix.csv;data_raw/app_store_top_candidate_reviews.csv;data_processed/review_signal_matrix.csv;data_processed/review_jtbd_cluster_summary.csv;data_processed/community_referral_signal_rows.csv;data_processed/community_referral_summary.csv;data_processed/forum_quote_coding_matrix.csv;data_processed/reddit_mention_signal_matrix.csv;data_processed/reddit_mention_app_summary.csv;data_processed/reddit_manual_reading_queue.csv;data_processed/reddit_manual_reading_prompt_bank.csv;data_processed/reddit_manual_reading_capture_sheet.csv;data_processed/icp_segment_matrix.csv;data_processed/icp_validation_test_plan.csv;data_processed/icp_recruiting_bridge.csv;data_processed/icp_recruiting_message_bank.csv;docs/audience/review-language-synthesis-v1.md;docs/audience/community-referral-evidence-v1.md;docs/audience/forum-quote-coding-v1.md;docs/audience/reddit-mention-signal-matrix-v1.md;docs/audience/reddit-manual-reading-queue-v1.md;docs/audience/reddit-manual-reading-capture-sheet-v1.md;docs/audience/icp-segment-matrix-v1.md;docs/audience/icp-validation-packet-v1.md;docs/audience/icp-recruiting-bridge-v1.md"
"21","H6_product_core_defined","product_hypothesis","The MVP product core can be defined as personal meaning -> one daily action -> short reset -> avatar/identity feedback -> visible progression -> next-day hook.","supported_for_mvp_framing","поддержано направленно, но не финально доказано","medium","12552 feature matrix rows; 100 product-core rows; 8 prototype screens","retention_tags=45; product_core_rows=100; prototype_flow_rows=16; prototype_scorecard_metrics=6","Product-core matrix, strategy docs, and prototype stimulus pack converge on a testable MVP loop.","Нельзя считать продуктовое преимущество доказанным без prototype sessions и observed scorecard.","No user prototype evidence yet confirms comprehension, emotional value, or retention impact.","Run prototype sessions and measure loop completion, comprehension, meaning lift, return intent, and paid-depth interest.","7","data_processed/product_core_evidence_matrix.csv;data_processed/prototype_validation_stimulus_flow.csv;data_processed/prototype_validation_scorecard.csv;docs/product/product-core-evidence-v1.md;docs/product/prototype-validation-stimulus-v1.md;docs/strategy/user-flow-v1.md;docs/strategy/avatar-loop-spec.md"
"22","REQ_final_artifacts_versioned","project_requirement","Research artifacts are saved locally, rendered into PDFs, and versioned in GitHub.","proved_active","доказано как исследовательский слой","high","current branch pushed through latest commit","PDFs rendered; report/status/docs/data committed","Artifacts exist in repo and commits have been pushed after each major layer.","Это provenance proof, а не содержательное доказательство спроса.","Final polished investor/user-facing PDF is still draft-level, not final designed publication.","After human validation, produce final polished PDF and archive data provenance.","4","output/pdf/alina-evidence-first-report-draft.pdf;output/pdf/alina-evidence-visual-report-v1.pdf;reports/evidence-status-2026-05-31.md;git log"