backlog_id,priority,source_bucket,markets,gap_closed,collection_method,target_output,expected_raw_rows,expected_evidence_quality,command_or_next_step,risk_or_blocker
"SRC-001","P0","Product Hunt","coaching|mindfulness|avatar_identity|astrology_esoterics","early-stage web/mobile/AI tools missing from app-store-heavy universe","query Product Hunt search pages and product slugs via public web HTML","data_raw/expanded_product_hunt_raw.csv","1500-4000","medium","Create collect_product_hunt_candidates.mjs; queries: AI coach, habit tracker, meditation, avatar, manifestation, astrology, journaling, self improvement.","Search pages may rate-limit or require JS; fallback to web search site:producthunt.com/posts."
"SRC-002","P0","AlternativeTo","coaching|mindfulness|avatar_identity","long-tail software substitutes and web/desktop tools","crawl search/category pages and extract app names/platform tags/source URLs","data_raw/expanded_alternativeto_raw.csv","1000-2500","medium_high","Create collect_alternativeto_candidates.mjs; seed with Habitica, Calm, Headspace, Replika, Character AI, Notion habit templates, journaling apps.","Some pages may block automated HTML; keep URL registry even if details are partial."
"SRC-003","P0","Chrome Web Store / browser extensions","coaching|mindfulness|avatar_identity","browser-based productivity, focus, journaling, mood, avatar and AI assistant tools","controlled Chrome Web Store search/detail extraction with small batches before any broader expansion","data_raw/expanded_chrome_extensions_raw.csv","1000-3000","medium","Run collect:p0-external and enrich:chrome-extensions, then detail-fetch only high-signal extension candidates.","Chrome Web Store native search is dynamic; keep batches small and avoid search-engine-heavy expansion unless explicitly needed."
"SRC-004","P1","Microsoft Store / Mac App Store web","coaching|mindfulness|avatar_identity|gaming","desktop apps and PC wellness/productivity tools outside Steam","site search and public store HTML extraction","data_raw/expanded_desktop_store_raw.csv","1000-2500","medium","Create collect_desktop_store_candidates.mjs; query Microsoft Store and Mac App Store web pages for meditation, habit, journal, avatar, coach.","Mac App Store web overlaps iTunes API; dedupe carefully by bundle/name/source."
"SRC-005","P1","itch.io / indie game directories","gaming|mindfulness|avatar_identity","indie cozy/ritual/avatar/life-sim experiments not visible in mobile stores","crawl tag/search pages for cozy, self-care, meditation, avatar, life sim, idle, ritual","data_raw/expanded_itch_raw.csv","2000-6000","medium_low","Create collect_itch_candidates.mjs; preserve tags and creator pages; do not over-score as direct competitors.","Large noisy corpus; useful for mechanic inspiration more than monetization proof."
"SRC-006","P1","G2 / Capterra / GetApp style directories","coaching|mindfulness","B2B coaching, wellness, employee wellbeing and habit platforms","public category page extraction and search-engine fallback","data_raw/expanded_b2b_review_directories_raw.csv","500-1500","medium_high","Create collect_b2b_directory_candidates.mjs; categories: wellness software, coaching, employee engagement, mental health, learning experience.","Anti-bot and commercial pages; store only source URLs and visible public metadata."
"SRC-007","P1","Reddit/subreddit discovery as competitor source","all","user-named alternatives and unmet needs outside app stores","query old.reddit/search pages and subreddit wiki/sidebar links; extract mentioned app names conservatively","data_raw/expanded_reddit_competitor_mentions_raw.csv","500-2000 mentions","medium_low","Extend collect_forum_quote_evidence.mjs or create collect_reddit_competitor_mentions.mjs; subreddits: productivity, selfimprovement, meditation, astrology, journaling, gamification, CharacterAI.","Mentions are noisy and must be coded as qualitative evidence, not ranked market share."
"SRC-008","P2","Public website/pricing pages for top candidates","all","actual packaging, claims, paywall and trial terms beyond app stores","expand web-paywall queue from Android developer sites to App Store seller sites and top100 manual URL discovery","data_raw/company_positioning_raw.csv;data_processed/company_positioning_matrix.csv","500-1200 pages","medium_high","Create collect_company_positioning_pages.mjs; fetch homepage/pricing/features/blog/about for P0/P1 competitors.","Requires careful domain matching; parent-company pages can mislead."
"SRC-009","P2","Steam deep tag expansion","gaming|mindfulness|avatar_identity","PC game mechanics and avatar/progression design beyond keyword search","tag page crawl for cozy, life sim, relaxing, idle, RPG, character customization, psychological, meditation","data_raw/expanded_steam_tags_raw.csv","3000-8000","medium","Add tag-mode to expand_competitor_universe.mjs; preserve tag source and rank.","High noise; use for mechanics and saturation, not direct mobile competitor claims."
"SRC-010","P2","Market reports and PDF source expansion","all","stronger TAM/SAM/SOM source base and confidence ranges","targeted public report search, PDF discovery, claim extraction and source registry update","data_processed/market_source_registry_v2.csv;data_processed/market_claims_v2.csv","50-150 claims","medium_high","Extend collect_research_sources.mjs with market-specific report queries and PDF URL capture; manually rank source credibility.","Many market reports are paywalled; cite only public claims and confidence-tag them."